msb,lsb,program,sound,family,segments,styles,special_notes,all_notes,special_fraction,before_normal,after_normal,isolated
121,15,25,Steel Guitar RX1,GUITAR,305,16,6091,27770,0.2193374144760533,4476,1612,3
120,0,34,Jazz Kit RX2,DRUM_KIT,356,27,5994,28800,0.208125,4747,1247,0
121,6,33,Finger Bass 2,BASS,461,29,5866,13512,0.43413262285375964,5808,58,0
121,10,28,Clean Funk RX1,OTHER_ACC,128,11,5500,14833,0.3707948493224567,3669,1811,20
121,19,25,Steel Guitar Pro,GUITAR,266,19,4188,19006,0.2203514679574871,3297,891,0
120,0,42,Brush Kit RX1,DRUM_KIT,118,13,3822,12045,0.3173100871731009,3080,742,0
120,0,89,Pop Std. Kit 1,DRUM_KIT,116,8,3215,5055,0.636003956478734,1600,1011,604
121,17,25,12 Strings Pro,STRINGS,197,11,3136,12853,0.2439897300241189,3014,122,0
121,14,28,Clean Guitar RX1,GUITAR,134,14,3103,17738,0.1749351674371406,2743,360,0
121,16,25,Steel Guitar RX2,GUITAR,75,7,2545,8758,0.29059145923726876,1716,129,700
120,0,67,i30 Perc. Kit,DRUM_KIT,84,6,2511,2815,0.8920071047957371,209,51,2251
120,0,64,Percussion Kit,DRUM_KIT,190,20,2420,16729,0.14465897543188475,1668,644,108
120,0,30,House Kit RX1,DRUM_KIT,97,9,2198,10598,0.2073976221928666,1818,380,0
120,0,33,Jazz Kit RX1,DRUM_KIT,125,13,2145,13408,0.15997911694510739,1633,512,0
120,0,65,Latin Perc. Kit1,DRUM_KIT,45,5,2135,3079,0.6934069503085417,1318,674,143
121,13,24,Nylon Gtr RX2,GUITAR,106,8,2112,8710,0.24247990815154993,1544,568,0
121,16,27,Stra. Vel. Pro,OTHER_ACC,50,5,1865,7226,0.2580957652920011,1861,4,0
121,11,24,Nylon Gtr Pro2,GUITAR,48,3,1817,4331,0.41953359501269916,1452,365,0
121,14,25,Steel Slide Pro2,GUITAR,98,5,1739,6861,0.2534615945197493,1404,335,0
121,8,24,Nylon Gtr Pro1,GUITAR,80,5,1692,5801,0.29167384933632134,1524,168,0
120,0,26,House Kit 1,DRUM_KIT,60,6,1671,5722,0.2920307584760573,1405,266,0
121,7,33,Finger Bass 3,BASS,160,17,1622,3188,0.5087829360100377,1507,85,30
120,0,125,Brush Kit 1,DRUM_KIT,28,4,1622,4108,0.39483933787731257,1363,259,0
120,0,15,Techno Kit 3,DRUM_KIT,39,3,1613,3975,0.4057861635220126,1467,127,19
121,17,28,Clean Guitar RX4,GUITAR,56,4,1561,3997,0.3905429071803853,909,426,226
121,18,25,12 Strings RX,STRINGS,66,4,1558,7330,0.2125511596180082,869,689,0
121,13,28,Funk Stein RX2,GUITAR,77,5,1550,4022,0.3853804077573347,1219,319,12
121,12,24,Nylon Gtr RX1,GUITAR,75,8,1539,7957,0.19341460349377906,1343,196,0
121,12,27,Funky Wah RX,OTHER_ACC,28,3,1460,4912,0.2972312703583062,1115,345,0
120,0,2,Standard Kit RX3,DRUM_KIT,108,12,1363,9305,0.1464803868887695,909,454,0
120,0,50,Bdrum&Sdrum Kit,DRUM_KIT,56,4,1199,2287,0.5242675994752951,642,74,483
121,3,120,Vox Wah Chick RX,PERCUSSION,6,1,1185,1507,0.7863304578633046,583,582,20
120,0,28,House Kit 3,DRUM_KIT,39,5,1166,4244,0.2747408105560792,993,173,0
120,0,48,Orchestra Kit GM,DRUM_KIT,36,4,1080,1925,0.561038961038961,720,269,91
120,0,35,Jazz Kit RX3,DRUM_KIT,27,2,1074,3229,0.3326107153917622,1070,4,0
121,25,25,Pop SteelGtr RX2,GUITAR,55,3,992,4021,0.2467047998010445,675,317,0
121,13,25,Steel Slide Pro1,GUITAR,50,3,953,3764,0.25318809776833157,834,119,0
121,13,33,Finger Bass RX,BASS,77,5,888,2646,0.3356009070294785,822,66,0
121,32,25,Real Folk Gtr,GUITAR,87,12,779,7458,0.10445159560203808,631,148,0
121,12,28,Funk Stein RX1,GUITAR,18,3,774,2624,0.29496951219512196,711,63,0
120,0,73,Techno Kit RX,DRUM_KIT,31,3,726,3055,0.23764320785597381,724,2,0
120,0,10,Jungle Kit,DRUM_KIT,17,2,716,2607,0.2746451860375911,664,52,0
121,14,24,Nylon Slide Pro,GUITAR,61,6,712,3624,0.19646799116997793,468,156,88
121,16,28,Clean Guitar RX3,GUITAR,31,4,708,2198,0.3221110100090992,358,350,0
121,9,24,Brazilian Guitar,GUITAR,50,2,705,3513,0.20068317677198974,672,33,0
121,21,28,5th Mute Gtr,GUITAR,14,2,676,2778,0.2433405327573794,436,240,0
120,0,27,House Kit 2,DRUM_KIT,39,4,670,4938,0.13568246253543945,393,277,0
120,0,0,Standard Kit GM,DRUM_KIT,45,4,660,3483,0.18949181739879414,411,137,112
121,11,28,Clean Funk RX2,OTHER_ACC,37,5,657,2775,0.23675675675675675,573,84,0
121,7,2,Grand&FM Stack,PIANO,11,2,618,2315,0.26695464362850974,558,60,0
120,0,72,Hip Hop Kit RX,DRUM_KIT,19,1,587,1163,0.5047291487532244,346,163,78
120,0,13,HipHop Kit 2,DRUM_KIT,34,4,580,1397,0.41517537580529706,397,111,72
121,15,27,Clean Gtr Pro2,GUITAR,20,2,573,1815,0.315702479338843,317,32,224
120,0,31,House Kit RX2,DRUM_KIT,25,3,562,2646,0.21239606953892667,535,27,0
121,9,33,Bright Finger B.,OTHER,82,7,560,1985,0.28211586901763225,417,135,8
120,0,19,Power Kit RX2,DRUM_KIT,15,1,555,1182,0.46954314720812185,493,62,0
120,0,66,Trinity Perc.Kit,DRUM_KIT,12,1,532,4282,0.12424100887435778,265,267,0
121,14,27,Single Coil Pro,OTHER_ACC,23,1,515,1628,0.31633906633906633,415,100,0
121,5,25,Steel 12 String,GUITAR,28,2,500,2787,0.17940437746681018,486,14,0
120,0,51,Arabian Kit 1,DRUM_KIT,14,1,483,1000,0.483,429,54,0
121,2,50,Analog Strings 2,STRINGS,11,1,478,776,0.615979381443299,320,158,0
120,0,74,Dance Kit RX,DRUM_KIT,23,1,473,1043,0.4534995206136146,188,154,131
121,7,30,Solo Dist.Guitar,GUITAR,9,1,472,618,0.7637540453074434,125,125,222
120,0,43,Brush Kit RX2,DRUM_KIT,39,2,459,2920,0.15719178082191781,425,34,0
121,21,27,Solid Guitar,GUITAR,24,3,447,1965,0.22748091603053436,370,77,0
120,0,57,SFX Kit 2,DRUM_KIT,15,1,441,922,0.47830802603036876,328,113,0
120,0,12,Room Kit 2,DRUM_KIT,21,2,430,1088,0.3952205882352941,298,19,113
121,29,25,RealFolk Gtr ST1,GUITAR,30,6,429,3165,0.13554502369668248,354,75,0
120,0,11,Techno Kit 1,DRUM_KIT,25,2,389,2096,0.1855916030534351,370,19,0
121,1,26,Pedal Steel Gtr1,GUITAR,8,1,385,2066,0.18635043562439496,365,20,0
121,13,27,Clean Gtr Pro1,GUITAR,4,2,363,1165,0.311587982832618,272,91,0
121,5,36,SlapPick Bass RX,BASS,19,2,358,813,0.4403444034440344,357,1,0
121,17,24,Real Nylon Gtr,GUITAR,32,6,351,2972,0.11810228802153432,294,57,0
120,0,1,Standard Kit RX2,DRUM_KIT,19,2,342,1839,0.1859706362153344,251,91,0
121,0,50,Synth Strings1GM,STRINGS,6,1,340,875,0.38857142857142857,272,68,0
121,6,26,JazzGtr SlidePro,GUITAR,25,1,328,328,1.0,0,0,328
120,0,6,Standard Kit RX4,DRUM_KIT,18,3,326,1545,0.21100323624595468,326,0,0
121,6,35,Woofer Pusher B.,OTHER,42,6,311,840,0.37023809523809526,223,84,4
120,0,41,Brush Kit 2,DRUM_KIT,19,3,306,1579,0.19379354021532616,238,68,0
120,0,96,Elektro Kit 1,DRUM_KIT,15,1,305,822,0.3710462287104623,269,36,0
121,30,25,RealFolk Gtr ST2,GUITAR,20,3,287,1804,0.1590909090909091,244,43,0
121,8,0,Rock Piano,PIANO,8,3,285,1140,0.25,208,77,0
121,10,25,Mandolin Key Off,PLUCK,16,1,250,274,0.9124087591240876,80,36,134
121,25,21,Steirisch.Akk.1,OTHER_ACC,16,1,233,765,0.3045751633986928,125,108,0
120,0,117,Arabian Kit 2,DRUM_KIT,20,1,214,827,0.2587666263603386,127,87,0
120,0,3,Ambient Kit RX,DRUM_KIT,13,2,211,582,0.36254295532646047,163,48,0
121,29,27,Real El.Gtr ST2,GUITAR,30,8,210,4393,0.04780332346915547,151,59,0
120,0,56,SFX Kit GM,DRUM_KIT,15,1,206,915,0.22513661202185792,203,3,0
120,0,17,Power Kit 2,DRUM_KIT,6,1,197,865,0.2277456647398844,191,6,0
121,15,24,Nylon Guitar 2,GUITAR,21,1,192,1198,0.16026711185308848,133,59,0
121,24,25,Pop SteelGtr RX1,GUITAR,14,1,184,777,0.23680823680823682,184,0,0
121,4,30,Power Chords,GUITAR,27,1,183,504,0.3630952380952381,183,0,0
121,16,24,RealNylon Gtr ST,GUITAR,15,5,166,1493,0.11118553248492967,131,35,0
121,24,27,'54 E. Guitar,GUITAR,13,1,154,624,0.2467948717948718,52,102,0
121,18,27,Chorus Gtr Pro,GUITAR,6,3,149,1003,0.1485543369890329,136,13,0
121,0,35,Fretless Bass GM,BASS,6,1,138,413,0.3341404358353511,33,105,0
120,0,68,Latin Perc. Kit2,DRUM_KIT,2,1,130,384,0.3385416666666667,128,2,0
121,5,28,Stra. Chime,OTHER_ACC,2,1,128,760,0.16842105263157894,128,0,0
121,10,0,Grand Piano RX,PIANO,6,1,128,1878,0.06815761448349308,64,64,0
121,11,33,More mid! Bass,BASS,23,3,127,898,0.14142538975501115,125,2,0
121,6,25,Hackbrett,OTHER_ACC,14,1,124,474,0.2616033755274262,117,7,0
121,5,5,Syn Piano X,PIANO,7,1,107,347,0.30835734870317005,86,21,0
121,1,58,Oberkr. Tuba,BRASS,18,1,105,229,0.4585152838427948,105,0,0
121,13,5,White Pad EP,PAD,2,1,100,258,0.3875968992248062,92,8,0
121,2,0,Ac. Piano Dark,PIANO,3,1,100,101,0.9900990099009901,37,25,38
121,8,90,Noisy Stabb,OTHER_ACC,3,1,96,96,1.0,0,0,96
121,1,29,Guitar Pinch,GUITAR,13,1,95,303,0.31353135313531355,95,0,0
121,0,106,Shamisen GM,OTHER_ACC,2,1,86,86,1.0,0,0,86
121,9,30,Dist. Guitar RX1,GUITAR,10,2,85,426,0.19953051643192488,84,1,0
120,0,8,Room Kit GM,DRUM_KIT,6,2,81,412,0.1966019417475728,78,3,0
121,2,87,Electro Lead,SYNTH_LEAD,3,2,74,123,0.6016260162601627,52,22,0
121,33,25,Real 12 Strings,STRINGS,21,2,72,353,0.20396600566572237,47,14,11
121,10,34,Picked Bass RX,BASS,18,2,70,502,0.1394422310756972,21,49,0
121,28,27,Real El. Gtr ST1,GUITAR,4,1,70,446,0.15695067264573992,56,14,0
121,6,80,Sine Wave,OTHER_ACC,2,1,70,697,0.10043041606886657,43,27,0
121,4,55,Brass Impact,BRASS,13,1,55,110,0.5,55,0,0
121,9,25,Steel Folk Gtr,GUITAR,4,1,54,410,0.13170731707317074,30,24,0
121,20,4,Suit E.Piano 1,PIANO,3,2,52,615,0.08455284552845528,52,0,0
121,11,38,Digi Bass 3,BASS,13,1,48,260,0.18461538461538463,8,40,0
121,19,27,Vintage S.1,OTHER_ACC,4,3,44,142,0.30985915492957744,16,9,19
121,31,25,Real Steel Gtr,GUITAR,5,1,44,902,0.04878048780487805,36,8,0
121,32,24,Nylon Gtr Pro2,GUITAR,1,1,43,122,0.3524590163934426,37,6,0
121,0,25,Steel Guitar GM,GUITAR,3,1,40,160,0.25,40,0,0
121,12,33,Finger Slap 1,OTHER,5,1,39,205,0.1902439024390244,34,3,2
121,1,32,Ac. Bass Buzz,BASS,4,1,36,251,0.14342629482071714,10,26,0
121,0,28,Muted Guitar GM,GUITAR,6,1,36,37,0.972972972972973,8,0,28
121,3,57,Mute Ensemble 1,OTHER_ACC,2,1,26,189,0.13756613756613756,6,20,0
121,3,37,Dyna Slap Bass,BASS,4,1,26,52,0.5,26,0,0
121,6,90,Cross Sweep,PAD,7,1,25,117,0.21367521367521367,17,0,8
121,5,16,Dark Organ 2 V.,ORGAN,2,1,24,72,0.3333333333333333,24,0,0
121,32,27,Clean Gtr Pro1,GUITAR,1,1,24,84,0.2857142857142857,18,6,0
121,0,67,Baritone Sax GM,WOODWIND,6,1,24,88,0.2727272727272727,13,11,0
121,0,116,Taiko Drum GM,OTHER_ACC,10,1,20,30,0.6666666666666666,20,0,0
121,5,98,Moving Bell,MALLET,11,1,20,31,0.6451612903225806,1,3,16
121,6,126,Stadium,OTHER_ACC,2,1,19,176,0.10795454545454546,14,5,0
121,0,38,Synth Bass 1 GM,BASS,2,1,18,42,0.42857142857142855,11,7,0
121,1,52,Choir Aahs 2,CHOIR_VOICE,1,1,17,18,0.9444444444444444,8,9,0
121,0,59,Mute Trumpet GM,BRASS,7,1,16,256,0.0625,16,0,0
121,18,56,Trumpet Shake Y+,BRASS,8,1,16,124,0.12903225806451613,10,6,0
121,11,81,Rezbo,OTHER_ACC,2,1,15,30,0.5,10,5,0
121,5,37,The Other Slap,OTHER,8,2,15,452,0.033185840707964605,8,7,0
121,0,28,AcousticPiano GM,PIANO,2,1,14,191,0.07329842931937172,3,11,0
121,4,97,Pods In Pad,PAD,2,1,14,79,0.17721518987341772,8,6,0
121,9,57,Trombone Vel. 2,BRASS,7,1,13,33,0.3939393939393939,13,0,0
121,5,71,Clarinet Ens.,WOODWIND,6,1,12,64,0.1875,8,4,0
121,4,67,Baritone Sax 2,WOODWIND,3,1,12,110,0.10909090909090909,6,6,0
120,0,122,Electro Kit,DRUM_KIT,1,1,11,29,0.3793103448275862,9,2,0
121,0,98,Crystal GM,OTHER_ACC,7,1,11,28,0.39285714285714285,11,0,0
121,2,1,Piano Pad 1,PIANO,2,1,10,80,0.125,6,4,0
121,2,90,Sky Watcher,OTHER_ACC,3,1,10,10,1.0,0,0,10
121,11,56,Trumpet Pro 2,BRASS,5,1,9,38,0.23684210526315788,5,4,0
121,1,126,Laughing,OTHER_ACC,2,1,8,23,0.34782608695652173,2,6,0
121,3,61,Mute Ensemble 1,OTHER_ACC,2,1,8,121,0.06611570247933884,0,8,0
121,23,4,Bell E. Piano 1,PIANO,2,1,8,24,0.3333333333333333,0,8,0
121,0,13,Xylophone GM,MALLET,4,1,8,44,0.18181818181818182,8,0,0
121,2,18,Killer B,OTHER_ACC,1,1,8,36,0.2222222222222222,4,4,0
121,32,4,Vintage EP,OTHER_ACC,1,1,7,54,0.12962962962962962,4,3,0
121,15,48,Strings & Horns,STRINGS,2,1,7,75,0.09333333333333334,2,5,0
120,0,35,Jazz Kit RX2,DRUM_KIT,1,1,6,53,0.11320754716981132,2,4,0
121,3,2,90's Piano,PIANO,2,1,5,68,0.07352941176470588,5,0,0
121,9,81,Glide Lead,SYNTH_LEAD,4,1,5,17,0.29411764705882354,1,1,3
121,12,89,OB Pad,PAD,5,1,5,53,0.09433962264150944,2,2,1
121,0,47,Timpani GM,DRUM_KIT,1,1,4,17,0.23529411764705882,4,0,0
121,4,57,Soft Trombone,BRASS,1,1,4,56,0.07142857142857142,4,0,0
120,0,7,Standard Kit 1,DRUM_KIT,2,1,4,42,0.09523809523809523,2,2,0
121,32,24,Real Nylon Gtr,GUITAR,1,1,4,24,0.16666666666666666,4,0,0
121,0,15,Dulcimer GM,PLUCK,1,1,3,4,0.75,1,2,0
121,5,126,Footsteps,OTHER_ACC,1,1,3,11,0.2727272727272727,3,0,0
121,6,4,Pro Stage EP,OTHER_ACC,1,1,2,15,0.13333333333333333,2,0,0
121,20,56,Concert Trp.Pro,OTHER_ACC,2,2,2,6,0.3333333333333333,2,0,0
121,5,84,Brian Sync,OTHER_ACC,1,1,2,3,0.6666666666666666,1,1,0
121,4,98,Digi Bell,MALLET,2,1,2,19,0.10526315789473684,1,1,0
0,32,0,AcousticPiano GM,PIANO,1,1,2,93,0.021505376344086023,0,2,0
121,2,35,Fretless Bass 3,BASS,1,1,2,9,0.2222222222222222,1,1,0
121,3,66,Tenor Breath,OTHER_ACC,2,1,2,34,0.058823529411764705,0,2,0
121,5,49,Movie Strings 1,STRINGS,1,1,2,4,0.5,2,0,0
