instrument_profile_id,msb,lsb,program,sound,role,family,origin,support_grade,stability,routing,protected,eligible_defects,controller_guards,grouped_proxy_models,unknown_count
NIP-a3944387562179308551,0,32,0,AcousticPiano GM,ACC4,PIANO,FACTORY_CORPUS,FALLBACK,UNKNOWN,EXACT_EVIDENCE_ANALYZE,False,ONSET_SPIKE|GATE_TRUNCATE|GATE_OVERLAP,64,,4
NIP-da986481749ba8aa60d6,120,0,0,Standard Kit GM,DRUM,DRUM_KIT,FACTORY_CORPUS,GOOD,CONTEXT_DEPENDENT,EXACT_EVIDENCE_ANALYZE,False,ONSET_SPIKE|DUPLICATE_HIT|GROOVE_DRIFT,,,5
NIP-02f1532efecaddd55a10,120,0,1,Standard Kit RX2,DRUM,DRUM_KIT,FACTORY_CORPUS,STRONG,MODERATE,PRESERVE,True,,,,4
NIP-bbfbec4811db788275d2,120,0,2,Standard Kit RX3,DRUM,DRUM_KIT,FACTORY_CORPUS,STRONG,CONTEXT_DEPENDENT,PRESERVE,True,,,,5
NIP-a45c0ff5dde7d260385c,120,0,3,Ambient Kit RX,DRUM,DRUM_KIT,FACTORY_CORPUS,FALLBACK,UNKNOWN,PRESERVE,True,,,,5
NIP-d573074075e3e0758152,120,0,4,Pop Std. Kit RX,DRUM,DRUM_KIT,FACTORY_CORPUS,STRONG,CONTEXT_DEPENDENT,PRESERVE,True,,,,6
NIP-6188f3efadd6743ce831,120,0,5,Standard Kit RX1,DRUM,DRUM_KIT,FACTORY_CORPUS,STRONG,MODERATE,PRESERVE,True,,,,6
NIP-463dea28b74d889056e5,120,0,6,Standard Kit RX4,DRUM,DRUM_KIT,FACTORY_CORPUS,GOOD,CONTEXT_DEPENDENT,PRESERVE,True,,,,5
NIP-504c64a42cc412e12cd5,120,0,7,Standard Kit 1,DRUM,DRUM_KIT,FACTORY_CORPUS,FALLBACK,UNKNOWN,EXACT_EVIDENCE_ANALYZE,False,ONSET_SPIKE|DUPLICATE_HIT|GROOVE_DRIFT,,,6
NIP-46b8e1f3a08aef52bbe8,120,0,8,Room Kit GM,DRUM,DRUM_KIT,FACTORY_CORPUS,FALLBACK,UNKNOWN,EXACT_EVIDENCE_ANALYZE,False,ONSET_SPIKE|DUPLICATE_HIT|GROOVE_DRIFT,,,5
NIP-2e0e0b44083da1cd0dea,120,0,9,HipHop Kit 1,PERC,DRUM_KIT,FACTORY_CORPUS,FALLBACK,UNKNOWN,EXACT_EVIDENCE_ANALYZE,False,ONSET_SPIKE|DUPLICATE_HIT|GROOVE_DRIFT,,,6
NIP-659ce40a53c423f867cd,120,0,10,Jungle Kit,DRUM,DRUM_KIT,FACTORY_CORPUS,FALLBACK,UNKNOWN,EXACT_EVIDENCE_ANALYZE,False,ONSET_SPIKE|DUPLICATE_HIT|GROOVE_DRIFT,,,5
NIP-dee09e00d7949cc1dd10,120,0,11,Techno Kit 1,DRUM,DRUM_KIT,FACTORY_CORPUS,LIMITED,UNKNOWN,EXACT_EVIDENCE_ANALYZE,False,ONSET_SPIKE|DUPLICATE_HIT|GROOVE_DRIFT,,,5
NIP-74a209df6055212cd44c,120,0,12,Room Kit 2,DRUM,DRUM_KIT,FACTORY_CORPUS,FALLBACK,UNKNOWN,EXACT_EVIDENCE_ANALYZE,False,ONSET_SPIKE|DUPLICATE_HIT|GROOVE_DRIFT,,,5
NIP-ebe0b74cabb145c268b6,120,0,13,HipHop Kit 2,PERC,DRUM_KIT,FACTORY_CORPUS,GOOD,CONTEXT_DEPENDENT,EXACT_EVIDENCE_ANALYZE,False,ONSET_SPIKE|DUPLICATE_HIT|GROOVE_DRIFT,,,5
NIP-24cbf7112ebd4929afda,120,0,15,Techno Kit 3,PERC,DRUM_KIT,FACTORY_CORPUS,LIMITED,UNKNOWN,EXACT_EVIDENCE_ANALYZE,False,ONSET_SPIKE|DUPLICATE_HIT|GROOVE_DRIFT,,,5
NIP-6a2066330e086dd2f423,120,0,17,Power Kit 2,PERC,DRUM_KIT,FACTORY_CORPUS,FALLBACK,UNKNOWN,EXACT_EVIDENCE_ANALYZE,False,ONSET_SPIKE|DUPLICATE_HIT|GROOVE_DRIFT,,,5
NIP-55d92943e7436920625b,120,0,18,Power Kit RX1,DRUM,DRUM_KIT,FACTORY_CORPUS,LIMITED,UNKNOWN,PRESERVE,True,,,,6
NIP-3056f100b3055e881db5,120,0,19,Power Kit RX2,PERC,DRUM_KIT,FACTORY_CORPUS,FALLBACK,UNKNOWN,PRESERVE,True,,,,5
NIP-a102ed5ce9579c9ed81b,120,0,26,House Kit 1,DRUM,DRUM_KIT,FACTORY_CORPUS,GOOD,MODERATE,EXACT_EVIDENCE_ANALYZE,False,ONSET_SPIKE|DUPLICATE_HIT|GROOVE_DRIFT,,,5
NIP-83e22ca3ee37b8490761,120,0,27,House Kit 2,DRUM,DRUM_KIT,FACTORY_CORPUS,GOOD,CONTEXT_DEPENDENT,EXACT_EVIDENCE_ANALYZE,False,ONSET_SPIKE|DUPLICATE_HIT|GROOVE_DRIFT,,,5
NIP-07a592bf34fc24b2bd32,120,0,28,House Kit 3,PERC,DRUM_KIT,FACTORY_CORPUS,GOOD,CONTEXT_DEPENDENT,EXACT_EVIDENCE_ANALYZE,False,ONSET_SPIKE|DUPLICATE_HIT|GROOVE_DRIFT,,,5
NIP-780ecda3fd1e33acf722,120,0,30,House Kit RX1,DRUM,DRUM_KIT,FACTORY_CORPUS,STRONG,CONTEXT_DEPENDENT,PRESERVE,True,,,,5
NIP-ea7e3af2e67b2df9ef41,120,0,31,House Kit RX2,PERC,DRUM_KIT,FACTORY_CORPUS,GOOD,CONTEXT_DEPENDENT,PRESERVE,True,,,,5
NIP-9c0d511099e8a6556a62,120,0,32,Jazz Kit GM,DRUM,DRUM_KIT,FACTORY_CORPUS,LIMITED,UNKNOWN,EXACT_EVIDENCE_ANALYZE,False,ONSET_SPIKE|DUPLICATE_HIT|GROOVE_DRIFT,,,6
NIP-3e30ac02bb10cc6e0090,120,0,33,Jazz Kit RX1,DRUM,DRUM_KIT,FACTORY_CORPUS,STRONG,CONTEXT_DEPENDENT,PRESERVE,True,,,,5
NIP-f43a3cac5ee1e3b368ba,120,0,34,Jazz Kit RX2,DRUM,DRUM_KIT,FACTORY_CORPUS,STRONG,CONTEXT_DEPENDENT,PRESERVE,True,,,,4
NIP-dbe602cca69a11e0e71a,120,0,35,Jazz Kit RX2,DRUM,DRUM_KIT,FACTORY_CORPUS,FALLBACK,UNKNOWN,PRESERVE,True,,,,6
NIP-637c1f73e6bb465b81ed,120,0,35,Jazz Kit RX3,DRUM,DRUM_KIT,FACTORY_CORPUS,GOOD,CONTEXT_DEPENDENT,PRESERVE,True,,,,5
NIP-c6a446c41f8c24d54a21,120,0,41,Brush Kit 2,DRUM,DRUM_KIT,FACTORY_CORPUS,STRONG,CONTEXT_DEPENDENT,EXACT_EVIDENCE_ANALYZE,False,ONSET_SPIKE|DUPLICATE_HIT|GROOVE_DRIFT,,,5
NIP-61d33b89a2da55dbe7c2,120,0,42,Brush Kit RX1,DRUM,DRUM_KIT,FACTORY_CORPUS,STRONG,CONTEXT_DEPENDENT,PRESERVE,True,,,,4
NIP-778a2a2c43fa4ca2c99b,120,0,43,Brush Kit RX2,DRUM,DRUM_KIT,FACTORY_CORPUS,STRONG,CONTEXT_DEPENDENT,PRESERVE,True,,,,5
NIP-af1ebab47bbb6db35e83,120,0,48,Orchestra Kit GM,DRUM,DRUM_KIT,FACTORY_CORPUS,GOOD,CONTEXT_DEPENDENT,EXACT_EVIDENCE_ANALYZE,False,ONSET_SPIKE|DUPLICATE_HIT|GROOVE_DRIFT,,,4
NIP-27b4e0bba33797aae8f9,120,0,50,Bdrum&Sdrum Kit,PERC,DRUM_KIT,FACTORY_CORPUS,LIMITED,UNKNOWN,EXACT_EVIDENCE_ANALYZE,False,ONSET_SPIKE|DUPLICATE_HIT|GROOVE_DRIFT,,,5
NIP-a109e395b61984b71f17,120,0,51,Arabian Kit 1,PERC,DRUM_KIT,FACTORY_CORPUS,FALLBACK,UNKNOWN,EXACT_EVIDENCE_ANALYZE,False,ONSET_SPIKE|DUPLICATE_HIT|GROOVE_DRIFT,,,5
NIP-ad88d3c0c37322f42c0b,120,0,56,SFX Kit GM,PERC,DRUM_KIT,FACTORY_CORPUS,FALLBACK,UNKNOWN,EXACT_EVIDENCE_ANALYZE,False,ONSET_SPIKE|DUPLICATE_HIT|GROOVE_DRIFT,,,5
NIP-1d8e73487ba7968b4741,120,0,57,SFX Kit 2,PERC,DRUM_KIT,FACTORY_CORPUS,FALLBACK,UNKNOWN,EXACT_EVIDENCE_ANALYZE,False,ONSET_SPIKE|DUPLICATE_HIT|GROOVE_DRIFT,,,5
NIP-94dc8b7f915461b8c4bf,120,0,64,Percussion Kit,PERC,DRUM_KIT,FACTORY_CORPUS,STRONG,CONTEXT_DEPENDENT,EXACT_EVIDENCE_ANALYZE,False,ONSET_SPIKE|DUPLICATE_HIT|GROOVE_DRIFT,,,4
NIP-25d63fbe03f4b117c7be,120,0,65,Latin Perc. Kit1,PERC,DRUM_KIT,FACTORY_CORPUS,STRONG,CONTEXT_DEPENDENT,EXACT_EVIDENCE_ANALYZE,False,ONSET_SPIKE|DUPLICATE_HIT|GROOVE_DRIFT,,,5
NIP-5dd58fc4622a888cb476,120,0,66,Trinity Perc.Kit,PERC,DRUM_KIT,FACTORY_CORPUS,STRONG,CONTEXT_DEPENDENT,EXACT_EVIDENCE_ANALYZE,False,ONSET_SPIKE|DUPLICATE_HIT|GROOVE_DRIFT,,,4
NIP-75262399718d5270c98d,120,0,67,i30 Perc. Kit,PERC,DRUM_KIT,FACTORY_CORPUS,GOOD,CONTEXT_DEPENDENT,EXACT_EVIDENCE_ANALYZE,False,ONSET_SPIKE|DUPLICATE_HIT|GROOVE_DRIFT,,,5
NIP-72152df011512c11aa1b,120,0,68,Latin Perc. Kit2,PERC,DRUM_KIT,FACTORY_CORPUS,FALLBACK,UNKNOWN,EXACT_EVIDENCE_ANALYZE,False,ONSET_SPIKE|DUPLICATE_HIT|GROOVE_DRIFT,,,5
NIP-61a93cfcee3c95a89033,120,0,72,Hip Hop Kit RX,DRUM,DRUM_KIT,FACTORY_CORPUS,FALLBACK,UNKNOWN,PRESERVE,True,,,,5
NIP-e9a973c9a9679c63e57a,120,0,73,Techno Kit RX,DRUM,DRUM_KIT,FACTORY_CORPUS,LIMITED,UNKNOWN,PRESERVE,True,,,,5
NIP-2f369c46200f45903899,120,0,74,Dance Kit RX,DRUM,DRUM_KIT,FACTORY_CORPUS,FALLBACK,UNKNOWN,PRESERVE,True,,,,5
NIP-5073b876298f88c4018d,120,0,89,Pop Std. Kit 1,DRUM,DRUM_KIT,FACTORY_CORPUS,STRONG,STABLE,EXACT_EVIDENCE_ANALYZE,False,ONSET_SPIKE|DUPLICATE_HIT|GROOVE_DRIFT,,,5
NIP-5074633d63ed4d26c205,120,0,90,Pop Std. Kit 2,DRUM,DRUM_KIT,FACTORY_CORPUS,STRONG,MODERATE,EXACT_EVIDENCE_ANALYZE,False,ONSET_SPIKE|DUPLICATE_HIT|GROOVE_DRIFT,,,6
NIP-4a01204d00245905ce92,120,0,96,Elektro Kit 1,DRUM,DRUM_KIT,FACTORY_CORPUS,FALLBACK,UNKNOWN,EXACT_EVIDENCE_ANALYZE,False,ONSET_SPIKE|DUPLICATE_HIT|GROOVE_DRIFT,,,5
NIP-ab5e5a55b307b4e8742f,120,0,97,Elektro Kit 2,DRUM,DRUM_KIT,FACTORY_CORPUS,FALLBACK,UNKNOWN,EXACT_EVIDENCE_ANALYZE,False,ONSET_SPIKE|DUPLICATE_HIT|GROOVE_DRIFT,,,6
NIP-a62930c00cd8a3f2a24d,120,0,117,Arabian Kit 2,PERC,DRUM_KIT,FACTORY_CORPUS,FALLBACK,UNKNOWN,EXACT_EVIDENCE_ANALYZE,False,ONSET_SPIKE|DUPLICATE_HIT|GROOVE_DRIFT,,,5
NIP-9919d6a1db4a4dd679e6,120,0,122,Electro Kit,PERC,DRUM_KIT,FACTORY_CORPUS,FALLBACK,UNKNOWN,EXACT_EVIDENCE_ANALYZE,False,ONSET_SPIKE|DUPLICATE_HIT|GROOVE_DRIFT,,,5
NIP-5ad8f56e45a4e84af8d4,120,0,123,Analog Kit,PERC,DRUM_KIT,FACTORY_CORPUS,STRONG,CONTEXT_DEPENDENT,EXACT_EVIDENCE_ANALYZE,False,ONSET_SPIKE|DUPLICATE_HIT|GROOVE_DRIFT,,,6
NIP-6ce29a1ace3b40b3f104,120,0,125,Brush Kit 1,DRUM,DRUM_KIT,FACTORY_CORPUS,STRONG,CONTEXT_DEPENDENT,EXACT_EVIDENCE_ANALYZE,False,ONSET_SPIKE|DUPLICATE_HIT|GROOVE_DRIFT,,,4
NIP-5b80f52a428ee08e9261,121,0,0,AcousticPiano GM,ACC1,PIANO,FACTORY_CORPUS,STRONG,CONTEXT_DEPENDENT,EXACT_EVIDENCE_ANALYZE,False,ONSET_SPIKE|GATE_TRUNCATE|GATE_OVERLAP,64,,5
NIP-7d826f149ab5696c8c0d,121,0,1,Bright Piano GM,ACC1,PIANO,FACTORY_CORPUS,GOOD,CONTEXT_DEPENDENT,EXACT_EVIDENCE_ANALYZE,False,ONSET_SPIKE|GATE_TRUNCATE|GATE_OVERLAP,64,,5
NIP-be2123faa70b47a32c36,121,0,3,Honky-Tonk GM,ACC1,PIANO,FACTORY_CORPUS,FALLBACK,UNKNOWN,EXACT_EVIDENCE_ANALYZE,False,ONSET_SPIKE|GATE_TRUNCATE|GATE_OVERLAP,64,,5
NIP-bd98c5f86aa32e905807,121,0,4,E. Piano 1 GM,ACC1,PIANO,FACTORY_CORPUS,LIMITED,UNKNOWN,EXACT_EVIDENCE_ANALYZE,False,ONSET_SPIKE|GATE_TRUNCATE|GATE_OVERLAP,64,,5
NIP-cebd7a7d182642aafd01,121,0,5,E. Piano 2 GM,ACC1,PIANO,FACTORY_CORPUS,LIMITED,UNKNOWN,EXACT_EVIDENCE_ANALYZE,False,ONSET_SPIKE|GATE_TRUNCATE|GATE_OVERLAP,64,,5
NIP-c1e5653cc6a9adb04784,121,0,7,Clav GM,ACC2,PIANO,FACTORY_CORPUS,FALLBACK,UNKNOWN,EXACT_EVIDENCE_ANALYZE,False,ONSET_SPIKE|GATE_TRUNCATE|GATE_OVERLAP,64,,6
NIP-70952c9413b559124433,121,0,8,Celesta GM,ACC4,CHROMATIC_PERC,FACTORY_CORPUS,LIMITED,UNKNOWN,EXACT_EVIDENCE_ANALYZE,False,ONSET_SPIKE|GATE_TRUNCATE,,,5
NIP-df4a63f0d790ffe085a2,121,0,9,Glockenspiel GM,ACC3,CHROMATIC_PERC,FACTORY_CORPUS,LIMITED,UNKNOWN,EXACT_EVIDENCE_ANALYZE,False,ONSET_SPIKE|GATE_TRUNCATE,,,6
NIP-dd32d79f1f49e02a808a,121,0,11,Vibraphone 1 GM,ACC3,CHROMATIC_PERC,FACTORY_CORPUS,GOOD,CONTEXT_DEPENDENT,EXACT_EVIDENCE_ANALYZE,False,ONSET_SPIKE|GATE_TRUNCATE,,,6
NIP-02c2c267be2fabea8c48,121,0,12,Marimba GM,ACC5,CHROMATIC_PERC,FACTORY_CORPUS,GOOD,CONTEXT_DEPENDENT,EXACT_EVIDENCE_ANALYZE,False,ONSET_SPIKE|GATE_TRUNCATE,,,6
NIP-f8919884d4b9692cbb03,121,0,13,Xylophone GM,ACC2,CHROMATIC_PERC,FACTORY_CORPUS,FALLBACK,UNKNOWN,EXACT_EVIDENCE_ANALYZE,False,ONSET_SPIKE|GATE_TRUNCATE,,,5
NIP-a8a2307ae88b397e5e40,121,0,15,Dulcimer GM,ACC2,CHROMATIC_PERC,FACTORY_CORPUS,FALLBACK,UNKNOWN,EXACT_EVIDENCE_ANALYZE,False,ONSET_SPIKE|GATE_TRUNCATE,,,7
NIP-ebce546fc530904a40ff,121,0,17,Perc. Organ GM,ACC1,ORGAN,FACTORY_CORPUS,FALLBACK,UNKNOWN,EXACT_EVIDENCE_ANALYZE,False,ONSET_SPIKE|GATE_TRUNCATE|GATE_OVERLAP,,,6
NIP-a8cbeea8d68e8f9ee5ae,121,0,21,Accordion GM,ACC1,ACCORDION_REED,FACTORY_CORPUS,LIMITED,UNKNOWN,EXACT_EVIDENCE_ANALYZE,False,ONSET_SPIKE|GATE_TRUNCATE,1|2|64|80|81|aftertouch|pitch_bend,,5
NIP-73557013c80e1c7d4f3d,121,0,24,Nylon Guitar GM,ACC2,GUITAR,FACTORY_CORPUS,FALLBACK,UNKNOWN,EXACT_EVIDENCE_ANALYZE,False,ONSET_SPIKE|GATE_TRUNCATE|CHORD_DESYNC|GROOVE_DRIFT,1|2|64|80|81,,7
NIP-d7ba088ce039bb68d1bb,121,0,25,Steel Guitar GM,ACC3,GUITAR,FACTORY_CORPUS,FALLBACK,UNKNOWN,EXACT_EVIDENCE_ANALYZE,False,ONSET_SPIKE|GATE_TRUNCATE|CHORD_DESYNC|GROOVE_DRIFT,1|2|64|80|81,,5
NIP-d0d13a032c9012924875,121,0,26,Jazz Guitar GM,ACC1,GUITAR,FACTORY_CORPUS,FALLBACK,UNKNOWN,EXACT_EVIDENCE_ANALYZE,False,ONSET_SPIKE|GATE_TRUNCATE|CHORD_DESYNC|GROOVE_DRIFT,1|2|64|80|81,,6
NIP-5fb8c85bc748c8137edc,121,0,27,Clean Guitar GM,ACC2,GUITAR,FACTORY_CORPUS,FALLBACK,UNKNOWN,EXACT_EVIDENCE_ANALYZE,False,ONSET_SPIKE|GATE_TRUNCATE|CHORD_DESYNC|GROOVE_DRIFT,1|2|64|80|81,,6
NIP-4eb3ef9f464b116d1d0a,121,0,28,AcousticPiano GM,ACC4,GUITAR,FACTORY_CORPUS,FALLBACK,UNKNOWN,EXACT_EVIDENCE_ANALYZE,False,ONSET_SPIKE|GATE_TRUNCATE|CHORD_DESYNC|GROOVE_DRIFT,1|2|64|80|81,,4
NIP-34e697986f13e5982aab,121,0,28,Muted Guitar GM,ACC4,GUITAR,FACTORY_CORPUS,FALLBACK,UNKNOWN,EXACT_EVIDENCE_ANALYZE,False,ONSET_SPIKE|GATE_TRUNCATE|CHORD_DESYNC|GROOVE_DRIFT,1|2|64|80|81,,5
NIP-ead2527b8217ac4c4955,121,0,32,Acoustic Bass GM,BASS,BASS,FACTORY_CORPUS,STRONG,CONTEXT_DEPENDENT,EXACT_EVIDENCE_ANALYZE,False,ONSET_SPIKE|GATE_TRUNCATE|GROOVE_DRIFT,1|2|64|80|81,,5
NIP-022155d868a4f8f7c740,121,0,33,Finger Bass GM,BASS,BASS,FACTORY_CORPUS,STRONG,CONTEXT_DEPENDENT,EXACT_EVIDENCE_ANALYZE,False,ONSET_SPIKE|GATE_TRUNCATE|GROOVE_DRIFT,1|2|64|80|81,,5
NIP-9e37cd793eea5c12a83e,121,0,34,Picked E.Bass GM,BASS,BASS,FACTORY_CORPUS,LIMITED,UNKNOWN,EXACT_EVIDENCE_ANALYZE,False,ONSET_SPIKE|GATE_TRUNCATE|GROOVE_DRIFT,1|2|64|80|81,,5
NIP-dbdafb757c708c03e557,121,0,35,Fretless Bass GM,BASS,BASS,FACTORY_CORPUS,LIMITED,UNKNOWN,EXACT_EVIDENCE_ANALYZE,False,ONSET_SPIKE|GATE_TRUNCATE|GROOVE_DRIFT,1|2|64|80|81,,4
NIP-08efd6713e1f9a3ad347,121,0,38,Synth Bass 1 GM,BASS,BASS,FACTORY_CORPUS,FALLBACK,UNKNOWN,EXACT_EVIDENCE_ANALYZE,False,ONSET_SPIKE|GATE_TRUNCATE|GROOVE_DRIFT,1|2|64|80|81,,6
NIP-454b46d046ccaed1e5da,121,0,39,Synth Bass 2 GM,BASS,BASS,FACTORY_CORPUS,FALLBACK,UNKNOWN,EXACT_EVIDENCE_ANALYZE,False,ONSET_SPIKE|GATE_TRUNCATE|GROOVE_DRIFT,1|2|64|80|81,,6
NIP-ef8a33a86e9a52a2795e,121,0,45,Pizzicato Str.GM,ACC3,STRINGS,FACTORY_CORPUS,LIMITED,UNKNOWN,EXACT_EVIDENCE_ANALYZE,False,ONSET_SPIKE|GATE_TRUNCATE|GATE_OVERLAP|CHORD_DESYNC,1|2|64|80|81,,6
NIP-25fcdedbe6271e7510ec,121,0,46,Harp GM,ACC2,STRINGS,FACTORY_CORPUS,GOOD,CONTEXT_DEPENDENT,EXACT_EVIDENCE_ANALYZE,False,ONSET_SPIKE|GATE_TRUNCATE|GATE_OVERLAP|CHORD_DESYNC,1|2|64|80|81,,5
NIP-d528a9f842182894773b,121,0,47,Timpani GM,BASS,STRINGS,FACTORY_CORPUS,LIMITED,UNKNOWN,EXACT_EVIDENCE_ANALYZE,False,ONSET_SPIKE|GATE_TRUNCATE|GATE_OVERLAP|CHORD_DESYNC,1|2|64|80|81,,5
NIP-c1a5593554f4cb7c6819,121,0,48,Strings Ens.1 GM,ACC4,ENSEMBLE,FACTORY_CORPUS,GOOD,CONTEXT_DEPENDENT,EXACT_EVIDENCE_ANALYZE,False,ONSET_SPIKE|GATE_TRUNCATE|GATE_OVERLAP|CHORD_DESYNC,1|2|64|80|81,,5
NIP-01ca3b7b3fdb9619dff6,121,0,49,Strings Ens.2 GM,ACC5,ENSEMBLE,FACTORY_CORPUS,FALLBACK,UNKNOWN,EXACT_EVIDENCE_ANALYZE,False,ONSET_SPIKE|CHORD_DESYNC,1|2|64|80|81,,10
NIP-8d954cb2cc75d37f1499,121,0,50,Synth Strings1GM,ACC4,ENSEMBLE,FACTORY_CORPUS,GOOD,INSUFFICIENT_SPLIT_SUPPORT,EXACT_EVIDENCE_ANALYZE,False,ONSET_SPIKE|GATE_TRUNCATE|GATE_OVERLAP|CHORD_DESYNC,1|2|64|80|81,,4
NIP-5987cf198f35f08a26f0,121,0,52,Choir Aahs GM,ACC4,ENSEMBLE,FACTORY_CORPUS,FALLBACK,UNKNOWN,EXACT_EVIDENCE_ANALYZE,False,ONSET_SPIKE|GATE_TRUNCATE|GATE_OVERLAP|CHORD_DESYNC,1|2|64|80|81,,6
NIP-a771693e6fb455410cbb,121,0,54,Synth Voice GM,ACC4,ENSEMBLE,FACTORY_CORPUS,FALLBACK,UNKNOWN,EXACT_EVIDENCE_ANALYZE,False,ONSET_SPIKE|GATE_TRUNCATE|GATE_OVERLAP|CHORD_DESYNC,1|2|64|80|81,,6
NIP-301d3833bc7464647197,121,0,59,Mute Trumpet GM,ACC3,BRASS,FACTORY_CORPUS,FALLBACK,UNKNOWN,EXACT_EVIDENCE_ANALYZE,False,ONSET_SPIKE|GATE_TRUNCATE,1|2|64|80|81|aftertouch|pitch_bend,,5
NIP-4d5159284f75fed22106,121,0,60,French Horn GM,ACC2,BRASS,FACTORY_CORPUS,LIMITED,UNKNOWN,EXACT_EVIDENCE_ANALYZE,False,ONSET_SPIKE|GATE_TRUNCATE,1|2|64|80|81|aftertouch|pitch_bend,,5
NIP-7adaa86cd0f719f39698,121,0,66,Tenor Sax GM,ACC4,REED,FACTORY_CORPUS,FALLBACK,UNKNOWN,EXACT_EVIDENCE_ANALYZE,False,ONSET_SPIKE|GATE_TRUNCATE,1|2|64|80|81|aftertouch|pitch_bend,,5
NIP-78694d6b9688a879b514,121,0,67,Baritone Sax GM,ACC4,REED,FACTORY_CORPUS,FALLBACK,UNKNOWN,EXACT_EVIDENCE_ANALYZE,False,ONSET_SPIKE|GATE_TRUNCATE,1|2|64|80|81|aftertouch|pitch_bend,,4
NIP-c658b5033afcb3f54f26,121,0,70,Bassoon GM,ACC3,REED,FACTORY_CORPUS,FALLBACK,UNKNOWN,EXACT_EVIDENCE_ANALYZE,False,ONSET_SPIKE|GATE_TRUNCATE,1|2|64|80|81|aftertouch|pitch_bend,,6
NIP-158dffd77e29c2a00905,121,0,73,Flute GM,ACC1,PIPE,FACTORY_CORPUS,FALLBACK,UNKNOWN,EXACT_EVIDENCE_ANALYZE,False,ONSET_SPIKE|GATE_TRUNCATE,1|2|64|80|81|aftertouch|pitch_bend,,7
NIP-6d48aeb3c520532a4c1e,121,0,76,Blown Bottle GM,ACC5,PIPE,FACTORY_CORPUS,FALLBACK,UNKNOWN,EXACT_EVIDENCE_ANALYZE,False,ONSET_SPIKE|GATE_TRUNCATE,1|2|64|80|81|aftertouch|pitch_bend,,6
NIP-09db656dd4a9d879d1d9,121,0,81,Lead Saw GM,ACC2,SYNTH_LEAD,FACTORY_CORPUS,FALLBACK,UNKNOWN,EXACT_EVIDENCE_ANALYZE,False,ONSET_SPIKE|GATE_TRUNCATE,1|2|64|80|81|aftertouch|pitch_bend,,6
NIP-0905dd9311a0a53e55ac,121,0,86,Fifths Lead GM,ACC3,SYNTH_LEAD,FACTORY_CORPUS,FALLBACK,UNKNOWN,EXACT_EVIDENCE_ANALYZE,False,ONSET_SPIKE|GATE_TRUNCATE,1|2|64|80|81|aftertouch|pitch_bend,,7
NIP-3098c8e5f48a14d46d32,121,0,88,New Age Pad GM,ACC3,SYNTH_PAD,FACTORY_CORPUS,FALLBACK,UNKNOWN,EXACT_EVIDENCE_ANALYZE,False,GATE_TRUNCATE|GATE_OVERLAP|CHORD_DESYNC,1|2|64|80|81,,6
NIP-e7568ec32fa10857a92d,121,0,93,Metallic Pad GM,ACC1,SYNTH_PAD,FACTORY_CORPUS,FALLBACK,UNKNOWN,EXACT_EVIDENCE_ANALYZE,False,GATE_TRUNCATE|GATE_OVERLAP|CHORD_DESYNC,1|2|64|80|81,,8
NIP-734256d4fde6efb8e21b,121,0,94,Halo Pad GM,ACC4,SYNTH_PAD,FACTORY_CORPUS,FALLBACK,UNKNOWN,EXACT_EVIDENCE_ANALYZE,False,GATE_TRUNCATE|GATE_OVERLAP|CHORD_DESYNC,1|2|64|80|81,,6
NIP-2f2e3ba04e1f6e07e96c,121,0,95,Sweep Pad GM,ACC4,SYNTH_PAD,FACTORY_CORPUS,FALLBACK,UNKNOWN,EXACT_EVIDENCE_ANALYZE,False,GATE_TRUNCATE|GATE_OVERLAP|CHORD_DESYNC,1|2|64|80|81,,6
NIP-507badc116d1a6e9f5dc,121,0,98,Crystal GM,ACC2,SYNTH_FX,FACTORY_CORPUS,FALLBACK,UNKNOWN,PRESERVE,True,,,,6
NIP-5f823643dcd30772907b,121,0,99,Atmosphere GM,ACC1,SYNTH_FX,FACTORY_CORPUS,FALLBACK,UNKNOWN,PRESERVE,True,,,,7
NIP-28a687de1be74c690a67,121,0,100,Brightness GM,ACC3,SYNTH_FX,FACTORY_CORPUS,FALLBACK,UNKNOWN,PRESERVE,True,,,,6
NIP-83e1e11873e84c146901,121,0,105,Banjo GM,ACC3,ETHNIC,FACTORY_CORPUS,FALLBACK,UNKNOWN,EXACT_EVIDENCE_ANALYZE,False,ONSET_SPIKE|GATE_TRUNCATE,,,6
NIP-94bd1425b474a7dbc8f4,121,0,106,Shamisen GM,ACC2,ETHNIC,FACTORY_CORPUS,FALLBACK,UNKNOWN,EXACT_EVIDENCE_ANALYZE,False,ONSET_SPIKE|GATE_TRUNCATE,,,5
NIP-fba2f058e65f2b8f83eb,121,0,110,Fiddle GM,ACC4,ETHNIC,FACTORY_CORPUS,FALLBACK,UNKNOWN,EXACT_EVIDENCE_ANALYZE,False,ONSET_SPIKE|GATE_TRUNCATE,,,5
NIP-1cc098c6a9e085f41971,121,0,112,Tinkle Bell GM,ACC5,PERCUSSIVE,FACTORY_CORPUS,FALLBACK,UNKNOWN,EXACT_EVIDENCE_ANALYZE,False,ONSET_SPIKE|DUPLICATE_HIT|GROOVE_DRIFT,,,6
NIP-49523b6a5a0eebdb250c,121,0,116,Taiko Drum GM,ACC3,PERCUSSIVE,FACTORY_CORPUS,FALLBACK,UNKNOWN,EXACT_EVIDENCE_ANALYZE,False,ONSET_SPIKE|DUPLICATE_HIT|GROOVE_DRIFT,,,9
NIP-e4addb542ed1378c6ec4,121,0,120,Gtr FretNoise GM,ACC4,SFX,FACTORY_CORPUS,FALLBACK,UNKNOWN,PRESERVE,True,,,,6
NIP-2e7c0d8225d26bdc6689,121,1,0,Ac. Piano Wide,ACC1,PIANO,FACTORY_CORPUS,GOOD,INSUFFICIENT_SPLIT_SUPPORT,EXACT_EVIDENCE_ANALYZE,False,ONSET_SPIKE|GATE_TRUNCATE|GATE_OVERLAP,64,,5
NIP-f860a3096d855641a0ff,121,1,1,Bright PianoWide,ACC1,PIANO,FACTORY_CORPUS,FALLBACK,UNKNOWN,EXACT_EVIDENCE_ANALYZE,False,ONSET_SPIKE|GATE_TRUNCATE|GATE_OVERLAP,64,,6
NIP-0139483d998aee2599f7,121,1,4,Detuned EP 1,ACC1,PIANO,FACTORY_CORPUS,LIMITED,UNKNOWN,EXACT_EVIDENCE_ANALYZE,False,ONSET_SPIKE|GATE_TRUNCATE|GATE_OVERLAP,64,,5
NIP-a2a7233360a5d1f84fd9,121,1,5,Detuned EP 2,ACC1,PIANO,FACTORY_CORPUS,FALLBACK,UNKNOWN,EXACT_EVIDENCE_ANALYZE,False,ONSET_SPIKE,64,,10
NIP-b355143d2608069fe9fc,121,1,7,Pulse Clav,ACC2,PIANO,FACTORY_CORPUS,FALLBACK,UNKNOWN,EXACT_EVIDENCE_ANALYZE,False,ONSET_SPIKE|GATE_TRUNCATE|GATE_OVERLAP,64,,6
NIP-3b498720287f6c123fd0,121,1,11,Vibrap. Wide,ACC2,CHROMATIC_PERC,FACTORY_CORPUS,GOOD,INSUFFICIENT_SPLIT_SUPPORT,EXACT_EVIDENCE_ANALYZE,False,ONSET_SPIKE|GATE_TRUNCATE,,,6
NIP-87f66f0556fd72a5ee04,121,1,15,Santur,ACC4,CHROMATIC_PERC,FACTORY_CORPUS,FALLBACK,UNKNOWN,EXACT_EVIDENCE_ANALYZE,False,ONSET_SPIKE|GATE_TRUNCATE,,,6
NIP-7f58deda2efe7eeadbc0,121,1,17,Det. Perc. Organ,ACC2,ORGAN,FACTORY_CORPUS,FALLBACK,UNKNOWN,EXACT_EVIDENCE_ANALYZE,False,ONSET_SPIKE|GATE_TRUNCATE|GATE_OVERLAP,,,6
NIP-58f5c56748d85d6f3983,121,1,20,Puff Organ,ACC5,ORGAN,FACTORY_CORPUS,FALLBACK,UNKNOWN,EXACT_EVIDENCE_ANALYZE,False,ONSET_SPIKE|GATE_TRUNCATE|GATE_OVERLAP,,,6
NIP-13af61a94fe8b7278920,121,1,22,Sweet Harmonica,ACC4,ACCORDION_REED,FACTORY_CORPUS,GOOD,CONTEXT_DEPENDENT,EXACT_EVIDENCE_ANALYZE,False,ONSET_SPIKE|GATE_TRUNCATE,1|2|64|80|81|aftertouch|pitch_bend,,5
NIP-f433c4a54e15a06a4c65,121,1,23,Fisa Tango!,ACC3,ORGAN,FACTORY_CORPUS,FALLBACK,UNKNOWN,EXACT_EVIDENCE_ANALYZE,False,ONSET_SPIKE|GATE_TRUNCATE|GATE_OVERLAP,,,6
NIP-e06b0563ce478840e645,121,1,25,12 Strings Gtr,ACC1,GUITAR,FACTORY_CORPUS,FALLBACK,UNKNOWN,EXACT_EVIDENCE_ANALYZE,False,ONSET_SPIKE|GATE_TRUNCATE|CHORD_DESYNC|GROOVE_DRIFT,1|2|64|80|81,,10
NIP-c89079a3b25d7d087c19,121,1,26,Pedal Steel Gtr1,ACC3,GUITAR,FACTORY_CORPUS,STRONG,CONTEXT_DEPENDENT,EXACT_EVIDENCE_ANALYZE,False,ONSET_SPIKE|GATE_TRUNCATE|CHORD_DESYNC|GROOVE_DRIFT,1|2|64|80|81,,4
NIP-68c3346a044d821a08b3,121,1,28,Funky Cut Gtr,ACC1,GUITAR,FACTORY_CORPUS,FALLBACK,UNKNOWN,EXACT_EVIDENCE_ANALYZE,False,ONSET_SPIKE|GATE_TRUNCATE|CHORD_DESYNC|GROOVE_DRIFT,1|2|64|80|81,,5
NIP-27fbbc0daa625bc616d1,121,1,29,Guitar Pinch,ACC1,GUITAR,FACTORY_CORPUS,FALLBACK,UNKNOWN,EXACT_EVIDENCE_ANALYZE,False,ONSET_SPIKE|GATE_TRUNCATE|CHORD_DESYNC|GROOVE_DRIFT,1|2|64|80|81,,4
NIP-fd76b415ec2ebf9e20b7,121,1,32,Ac. Bass Buzz,BASS,BASS,FACTORY_CORPUS,LIMITED,UNKNOWN,EXACT_EVIDENCE_ANALYZE,False,ONSET_SPIKE|GATE_TRUNCATE|GROOVE_DRIFT,1|2|64|80|81,,4
NIP-2343162e1b5fa714d0e5,121,1,34,Picked E.Bass 2,BASS,BASS,FACTORY_CORPUS,LIMITED,UNKNOWN,EXACT_EVIDENCE_ANALYZE,False,ONSET_SPIKE|GATE_TRUNCATE|GROOVE_DRIFT,1|2|64|80|81,,5
NIP-2d7ba9779159f6eb8998,121,1,35,Fretless Bass 2,BASS,BASS,FACTORY_CORPUS,GOOD,CONTEXT_DEPENDENT,EXACT_EVIDENCE_ANALYZE,False,ONSET_SPIKE|GATE_TRUNCATE|GROOVE_DRIFT,1|2|64|80|81,,5
NIP-0808e5e5838e7e1cdf64,121,1,45,Pizz. Ensemble,ACC1,STRINGS,FACTORY_CORPUS,GOOD,INSUFFICIENT_SPLIT_SUPPORT,EXACT_EVIDENCE_ANALYZE,False,ONSET_SPIKE|GATE_TRUNCATE|GATE_OVERLAP|CHORD_DESYNC,1|2|64|80|81,,5
NIP-ef0f6e2d358ee77c1d5b,121,1,49,Sweeper Strings,ACC2,ENSEMBLE,FACTORY_CORPUS,FALLBACK,UNKNOWN,EXACT_EVIDENCE_ANALYZE,False,ONSET_SPIKE|GATE_TRUNCATE|GATE_OVERLAP|CHORD_DESYNC,1|2|64|80|81,,6
NIP-d3e6fc3c265033057421,121,1,50,Synth Strings 3,ACC4,ENSEMBLE,FACTORY_CORPUS,FALLBACK,UNKNOWN,EXACT_EVIDENCE_ANALYZE,False,ONSET_SPIKE|GATE_TRUNCATE|GATE_OVERLAP|CHORD_DESYNC,1|2|64|80|81,,6
NIP-154e4f1fac6259fb7c84,121,1,52,Choir Aahs 2,ACC4,ENSEMBLE,FACTORY_CORPUS,LIMITED,UNKNOWN,EXACT_EVIDENCE_ANALYZE,False,ONSET_SPIKE|GATE_TRUNCATE|GATE_OVERLAP|CHORD_DESYNC,1|2|64|80|81,,5
NIP-eed18f568638061b3470,121,1,53,Humming,ACC4,ENSEMBLE,FACTORY_CORPUS,FALLBACK,UNKNOWN,EXACT_EVIDENCE_ANALYZE,False,ONSET_SPIKE|GATE_TRUNCATE|GATE_OVERLAP|CHORD_DESYNC,1|2|64|80|81,,7
NIP-699310439d6e179dbbd3,121,1,57,Trombone 2,ACC4,BRASS,FACTORY_CORPUS,FALLBACK,UNKNOWN,EXACT_EVIDENCE_ANALYZE,False,ONSET_SPIKE|GATE_TRUNCATE,1|2|64|80|81|aftertouch|pitch_bend,,6
NIP-570f4d810ce2cd0e7abc,121,1,58,Oberkr. Tuba,BASS,BRASS,FACTORY_CORPUS,GOOD,STABLE,EXACT_EVIDENCE_ANALYZE,False,ONSET_SPIKE|GATE_TRUNCATE,1|2|64|80|81|aftertouch|pitch_bend,,4
NIP-f9ccfa53cc6d292e3d3a,121,1,60,French Horn 2,ACC1,BRASS,FACTORY_CORPUS,FALLBACK,UNKNOWN,EXACT_EVIDENCE_ANALYZE,False,ONSET_SPIKE|GATE_TRUNCATE,1|2|64|80|81|aftertouch|pitch_bend,,6
NIP-7936a2984f654ee1fbf0,121,1,61,Brass Section 2,ACC3,BRASS,FACTORY_CORPUS,FALLBACK,UNKNOWN,EXACT_EVIDENCE_ANALYZE,False,ONSET_SPIKE|GATE_TRUNCATE,1|2|64|80|81|aftertouch|pitch_bend,,8
NIP-002a2d19ca285045cb2d,121,1,65,Alto Breath,ACC2,REED,FACTORY_CORPUS,FALLBACK,UNKNOWN,EXACT_EVIDENCE_ANALYZE,False,ONSET_SPIKE|GATE_TRUNCATE,1|2|64|80|81|aftertouch|pitch_bend,,5
NIP-8607911861513a49144f,121,1,66,Tenor Sax Noise1,ACC1,REED,FACTORY_CORPUS,GOOD,CONTEXT_DEPENDENT,EXACT_EVIDENCE_ANALYZE,False,ONSET_SPIKE|GATE_TRUNCATE,1|2|64|80|81|aftertouch|pitch_bend,,5
NIP-71e757c840c0a2da0941,121,1,71,Jazz Clarinet,ACC5,REED,FACTORY_CORPUS,STRONG,MODERATE,EXACT_PROXY_SUGGEST,False,ONSET_SPIKE|GATE_TRUNCATE,1|2|64|80|81|aftertouch|pitch_bend,breath_phrase_velocity,5
NIP-ca89a33c5e97c0374099,121,1,73,Jazz Flute Expr.,ACC3,PIPE,FACTORY_CORPUS,LIMITED,UNKNOWN,EXACT_EVIDENCE_ANALYZE,False,ONSET_SPIKE|GATE_TRUNCATE,1|2|64|80|81|aftertouch|pitch_bend,,5
NIP-6c8a2c9eaa12267c33f6,121,1,81,Lead Saw 2,ACC3,SYNTH_LEAD,FACTORY_CORPUS,FALLBACK,UNKNOWN,EXACT_EVIDENCE_ANALYZE,False,ONSET_SPIKE|GATE_TRUNCATE,1|2|64|80|81|aftertouch|pitch_bend,,5
NIP-b6759d335c18d9f9fe27,121,1,88,Virtual Traveler,ACC2,SYNTH_PAD,FACTORY_CORPUS,FALLBACK,UNKNOWN,EXACT_EVIDENCE_ANALYZE,False,GATE_TRUNCATE|GATE_OVERLAP|CHORD_DESYNC,1|2|64|80|81,,6
NIP-35991bd770faa518c2a8,121,1,93,Cosmic,ACC2,SYNTH_PAD,FACTORY_CORPUS,FALLBACK,UNKNOWN,EXACT_EVIDENCE_ANALYZE,False,GATE_TRUNCATE|GATE_OVERLAP|CHORD_DESYNC,1|2|64|80|81,,5
NIP-265432af2d0ae701147e,121,1,96,Motion Ocean,ACC5,SYNTH_FX,FACTORY_CORPUS,FALLBACK,UNKNOWN,PRESERVE,True,,,,8
NIP-b310bf84ae58f3455d20,121,1,105,Banjo Key Off,ACC5,ETHNIC,FACTORY_CORPUS,FALLBACK,UNKNOWN,EXACT_EVIDENCE_ANALYZE,False,ONSET_SPIKE|GATE_TRUNCATE,,,6
NIP-a63ba2703ff2f133fd77,121,1,108,Kalimba 2,ACC2,ETHNIC,FACTORY_CORPUS,FALLBACK,UNKNOWN,EXACT_EVIDENCE_ANALYZE,False,ONSET_SPIKE|GATE_TRUNCATE,,,6
NIP-3700b002b1c432cbc78b,121,1,115,Castanets,PERC,PERCUSSIVE,FACTORY_CORPUS,FALLBACK,UNKNOWN,EXACT_EVIDENCE_ANALYZE,False,ONSET_SPIKE|DUPLICATE_HIT|GROOVE_DRIFT,,,6
NIP-b81c24197bc0d3d1484f,121,1,126,Laughing,ACC3,SFX,FACTORY_CORPUS,FALLBACK,UNKNOWN,PRESERVE,True,,,,6
NIP-470fc2fecc7e68acb146,121,2,0,Ac. Piano Dark,ACC1,PIANO,FACTORY_CORPUS,FALLBACK,UNKNOWN,EXACT_EVIDENCE_ANALYZE,False,ONSET_SPIKE|GATE_TRUNCATE|GATE_OVERLAP,64,,5
NIP-c4d15aeec23e2d76ac69,121,2,1,Piano Pad 1,ACC1,SYNTH_PAD,FACTORY_CORPUS,FALLBACK,UNKNOWN,EXACT_EVIDENCE_ANALYZE,False,GATE_TRUNCATE|GATE_OVERLAP|CHORD_DESYNC,1|2|64|80|81,,5
NIP-87185a5b436a879072cd,121,2,2,M1 Piano,ACC1,PIANO,FACTORY_CORPUS,FALLBACK,UNKNOWN,EXACT_EVIDENCE_ANALYZE,False,ONSET_SPIKE|GATE_TRUNCATE|GATE_OVERLAP,64,,6
NIP-afb76e17f56a5ebff1a5,121,2,4,EP1 Veloc.sw,ACC1,PIANO,FACTORY_CORPUS,LIMITED,UNKNOWN,EXACT_EVIDENCE_ANALYZE,False,ONSET_SPIKE|GATE_TRUNCATE|GATE_OVERLAP,64,,6
NIP-23376df551237beacfa5,121,2,7,Clav Wah RX,ACC3,PIANO,FACTORY_CORPUS,FALLBACK,UNKNOWN,PRESERVE,True,,64,,5
NIP-d5ad02c8bf3455e60f86,121,2,11,Vibraphone 2,ACC4,CHROMATIC_PERC,FACTORY_CORPUS,FALLBACK,UNKNOWN,EXACT_EVIDENCE_ANALYZE,False,ONSET_SPIKE|GATE_TRUNCATE,,,6
NIP-d47c4fe196372026a32c,121,2,17,Perc. Organ 2,ACC2,ORGAN,FACTORY_CORPUS,FALLBACK,UNKNOWN,EXACT_EVIDENCE_ANALYZE,False,ONSET_SPIKE|GATE_TRUNCATE|GATE_OVERLAP,,,6
NIP-37a2aa694f3ab1fc45d3,121,2,18,Killer B,ACC4,ORGAN,FACTORY_CORPUS,FALLBACK,UNKNOWN,EXACT_EVIDENCE_ANALYZE,False,ONSET_SPIKE|GATE_TRUNCATE|GATE_OVERLAP,,,6
NIP-5af072bd16b51eed5b67,121,2,20,Small Pipe,ACC2,ORGAN,FACTORY_CORPUS,FALLBACK,UNKNOWN,EXACT_EVIDENCE_ANALYZE,False,ONSET_SPIKE|GATE_TRUNCATE|GATE_OVERLAP,,,6
NIP-c8d92949eab0c20a65a3,121,2,21,Akordeon,ACC2,ORGAN,FACTORY_CORPUS,LIMITED,UNKNOWN,EXACT_EVIDENCE_ANALYZE,False,ONSET_SPIKE|GATE_TRUNCATE|GATE_OVERLAP,,,6
NIP-21850739f9082959f95e,121,2,23,"Accordion 16,8'",ACC3,ACCORDION_REED,FACTORY_CORPUS,FALLBACK,UNKNOWN,EXACT_EVIDENCE_ANALYZE,False,ONSET_SPIKE|GATE_TRUNCATE,1|2|64|80|81|aftertouch|pitch_bend,,6
NIP-ee40c1adc3187730b466,121,2,26,Club Jazz Gtr 1,ACC2,GUITAR,FACTORY_CORPUS,GOOD,CONTEXT_DEPENDENT,EXACT_EVIDENCE_ANALYZE,False,ONSET_SPIKE|GATE_TRUNCATE|CHORD_DESYNC|GROOVE_DRIFT,1|2|64|80|81,,5
NIP-0f078eae531cb93963d8,121,2,27,Club Jazz Gtr 1,ACC5,GUITAR,FACTORY_CORPUS,FALLBACK,UNKNOWN,EXACT_EVIDENCE_ANALYZE,False,ONSET_SPIKE|GATE_TRUNCATE|CHORD_DESYNC|GROOVE_DRIFT,1|2|64|80|81,,7
NIP-8ac4dc084afafbc62213,121,2,28,Mute Vel. Gtr,ACC3,GUITAR,FACTORY_CORPUS,LIMITED,UNKNOWN,EXACT_EVIDENCE_ANALYZE,False,ONSET_SPIKE|GATE_TRUNCATE|CHORD_DESYNC|GROOVE_DRIFT,1|2|64|80|81,,5
NIP-1eeba24bc72d7d9332aa,121,2,31,E.Gtr Harmonics,ACC2,GUITAR,FACTORY_CORPUS,FALLBACK,UNKNOWN,EXACT_EVIDENCE_ANALYZE,False,ONSET_SPIKE|GATE_TRUNCATE|CHORD_DESYNC|GROOVE_DRIFT,1|2|64|80|81,,7
NIP-a5b8879c1bf2d8278fa6,121,2,33,Finger E.Bass1,BASS,BASS,FACTORY_CORPUS,LIMITED,UNKNOWN,EXACT_EVIDENCE_ANALYZE,False,ONSET_SPIKE|GATE_TRUNCATE|GROOVE_DRIFT,1|2|64|80|81,,5
NIP-651bdc5229521bc8893b,121,2,34,Picked E.Bass 3,BASS,BASS,FACTORY_CORPUS,GOOD,CONTEXT_DEPENDENT,EXACT_EVIDENCE_ANALYZE,False,ONSET_SPIKE|GATE_TRUNCATE|GROOVE_DRIFT,1|2|64|80|81,,5
NIP-e561b14e032184b0723e,121,2,35,Fretless Bass 3,ACC4,BASS,FACTORY_CORPUS,FALLBACK,UNKNOWN,EXACT_EVIDENCE_ANALYZE,False,ONSET_SPIKE|GATE_TRUNCATE|GROOVE_DRIFT,1|2|64|80|81,,6
NIP-fcbf4395859bedfbcd52,121,2,38,Syn Bass Reso,BASS,BASS,FACTORY_CORPUS,FALLBACK,UNKNOWN,EXACT_EVIDENCE_ANALYZE,False,ONSET_SPIKE|GATE_TRUNCATE|GROOVE_DRIFT,1|2|64|80|81,,5
NIP-aeeb393faeeefc3958a5,121,2,40,Violin Expr. 1,ACC5,STRINGS,FACTORY_CORPUS,LIMITED,UNKNOWN,EXACT_EVIDENCE_ANALYZE,False,ONSET_SPIKE|GATE_TRUNCATE|GATE_OVERLAP|CHORD_DESYNC,1|2|64|80|81,,5
NIP-d7e9df84da4614e3db7d,121,2,45,Pizz. Section,ACC4,STRINGS,FACTORY_CORPUS,FALLBACK,UNKNOWN,EXACT_EVIDENCE_ANALYZE,False,ONSET_SPIKE|GATE_TRUNCATE|GATE_OVERLAP|CHORD_DESYNC,1|2|64|80|81,,8
NIP-c409ba549426d1bb933a,121,2,48,60's Strings,ACC3,ENSEMBLE,FACTORY_CORPUS,FALLBACK,UNKNOWN,EXACT_EVIDENCE_ANALYZE,False,ONSET_SPIKE|GATE_TRUNCATE|GATE_OVERLAP|CHORD_DESYNC,1|2|64|80|81,,8
NIP-1456e3bc9aaa03bc46e1,121,2,49,Full Strings,ACC5,ENSEMBLE,FACTORY_CORPUS,GOOD,CONTEXT_DEPENDENT,EXACT_EVIDENCE_ANALYZE,False,ONSET_SPIKE|GATE_TRUNCATE|GATE_OVERLAP|CHORD_DESYNC,1|2|64|80|81,,5
NIP-70181f477a7f1cf5d250,121,2,50,Analog Strings 2,ACC3,ENSEMBLE,FACTORY_CORPUS,STRONG,STABLE,EXACT_PROXY_SUGGEST,False,ONSET_SPIKE|GATE_TRUNCATE|GATE_OVERLAP|CHORD_DESYNC,1|2|64|80|81,coherent_phrase_velocity|coherent_sustain_chord_timing,4
NIP-3c973f9347e3dac22581,121,2,52,Ooh Voices,ACC3,ENSEMBLE,FACTORY_CORPUS,GOOD,INSUFFICIENT_SPLIT_SUPPORT,EXACT_EVIDENCE_ANALYZE,False,ONSET_SPIKE|GATE_TRUNCATE|GATE_OVERLAP|CHORD_DESYNC,1|2|64|80|81,,5
NIP-95c49196ca3853e12b63,121,2,54,Vocalesque,ACC4,ENSEMBLE,FACTORY_CORPUS,FALLBACK,UNKNOWN,EXACT_EVIDENCE_ANALYZE,False,ONSET_SPIKE|GATE_TRUNCATE|GATE_OVERLAP|CHORD_DESYNC,1|2|64|80|81,,6
NIP-8faa4986bcfe176222ed,121,2,56,Trumpet Overb.,ACC3,BRASS,FACTORY_CORPUS,FALLBACK,UNKNOWN,EXACT_EVIDENCE_ANALYZE,False,ONSET_SPIKE|GATE_TRUNCATE,1|2|64|80|81|aftertouch|pitch_bend,,6
NIP-1b2fe09fc9422cdc20a5,121,2,58,Tuba Gold,BASS,BRASS,FACTORY_CORPUS,FALLBACK,UNKNOWN,EXACT_EVIDENCE_ANALYZE,False,ONSET_SPIKE|GATE_TRUNCATE,1|2|64|80|81|aftertouch|pitch_bend,,6
NIP-cad011ef4c0d00ef1b33,121,2,59,Wah Trumpet,ACC3,BRASS,FACTORY_CORPUS,GOOD,MODERATE,EXACT_EVIDENCE_ANALYZE,False,ONSET_SPIKE|GATE_TRUNCATE,1|2|64|80|81|aftertouch|pitch_bend,,5
NIP-625193228d271ebdf70b,121,2,60,French Section,ACC1,BRASS,FACTORY_CORPUS,FALLBACK,UNKNOWN,EXACT_EVIDENCE_ANALYZE,False,ONSET_SPIKE|GATE_TRUNCATE,1|2|64|80|81|aftertouch|pitch_bend,,6
NIP-f9bd5fc245253f46ecaa,121,2,61,Tight Brass 3,ACC4,BRASS,FACTORY_CORPUS,STRONG,CONTEXT_DEPENDENT,EXACT_EVIDENCE_ANALYZE,False,ONSET_SPIKE|GATE_TRUNCATE,1|2|64|80|81|aftertouch|pitch_bend,,5
NIP-beaca80f7fba1955c784,121,2,64,Soprano Pro,ACC5,REED,FACTORY_CORPUS,FALLBACK,UNKNOWN,EXACT_EVIDENCE_ANALYZE,False,ONSET_SPIKE|GATE_TRUNCATE,1|2|64|80|81|aftertouch|pitch_bend,,7
NIP-5e640b4be0971f145235,121,2,65,Sax Ensemble,ACC2,REED,FACTORY_CORPUS,GOOD,MODERATE,EXACT_EVIDENCE_ANALYZE,False,ONSET_SPIKE|GATE_TRUNCATE,1|2|64|80|81|aftertouch|pitch_bend,,5
NIP-43d6d3e504088abe8ae2,121,2,73,Flute Switch,ACC5,PIPE,FACTORY_CORPUS,FALLBACK,UNKNOWN,EXACT_EVIDENCE_ANALYZE,False,ONSET_SPIKE|GATE_TRUNCATE,1|2|64|80|81|aftertouch|pitch_bend,,6
NIP-c57354d057c1e3975bab,121,2,80,Lead Sine,ACC3,SYNTH_LEAD,FACTORY_CORPUS,FALLBACK,UNKNOWN,EXACT_EVIDENCE_ANALYZE,False,ONSET_SPIKE|GATE_TRUNCATE,1|2|64|80|81|aftertouch|pitch_bend,,5
NIP-dfd7cdc6ed4532883d61,121,2,81,Lead Saw Pulse,ACC5,SYNTH_LEAD,FACTORY_CORPUS,FALLBACK,UNKNOWN,EXACT_EVIDENCE_ANALYZE,False,ONSET_SPIKE|GATE_TRUNCATE,1|2|64|80|81|aftertouch|pitch_bend,,5
NIP-57035f7ff0d8132c9c7d,121,2,84,Synchro City,ACC2,SYNTH_LEAD,FACTORY_CORPUS,FALLBACK,UNKNOWN,EXACT_EVIDENCE_ANALYZE,False,ONSET_SPIKE|GATE_TRUNCATE,1|2|64|80|81|aftertouch|pitch_bend,,7
NIP-49e3db48f03e2f7f9057,121,2,87,Electro Lead,ACC4,SYNTH_LEAD,FACTORY_CORPUS,FALLBACK,UNKNOWN,EXACT_EVIDENCE_ANALYZE,False,ONSET_SPIKE|GATE_TRUNCATE,1|2|64|80|81|aftertouch|pitch_bend,,5
NIP-b4bc3fe3b511ef29f730,121,2,89,Master Pad,ACC5,SYNTH_PAD,FACTORY_CORPUS,LIMITED,UNKNOWN,EXACT_EVIDENCE_ANALYZE,False,GATE_TRUNCATE|GATE_OVERLAP|CHORD_DESYNC,1|2|64|80|81,,6
NIP-bdc3da9dfc3c658149f1,121,2,90,Sky Watcher,ACC1,SYNTH_PAD,FACTORY_CORPUS,FALLBACK,UNKNOWN,EXACT_EVIDENCE_ANALYZE,False,GATE_TRUNCATE|GATE_OVERLAP|CHORD_DESYNC,1|2|64|80|81,,5
NIP-4891f864c0afb7254839,121,2,91,Fresh Air 1,ACC5,SYNTH_PAD,FACTORY_CORPUS,FALLBACK,UNKNOWN,EXACT_EVIDENCE_ANALYZE,False,GATE_TRUNCATE|GATE_OVERLAP|CHORD_DESYNC,1|2|64|80|81,,8
NIP-82ebc60c886244b45dcd,121,2,93,80's Pop Synth,ACC4,SYNTH_PAD,FACTORY_CORPUS,FALLBACK,UNKNOWN,EXACT_EVIDENCE_ANALYZE,False,GATE_TRUNCATE|GATE_OVERLAP|CHORD_DESYNC,1|2|64|80|81,,6
NIP-d6f44c2e31c764d63038,121,2,97,Reso Down,ACC5,SYNTH_FX,FACTORY_CORPUS,FALLBACK,UNKNOWN,PRESERVE,True,,,,8
NIP-228f707ecb97435be36d,121,2,101,Digi Ice Pad,ACC3,SYNTH_PAD,FACTORY_CORPUS,FALLBACK,UNKNOWN,EXACT_EVIDENCE_ANALYZE,False,GATE_TRUNCATE|GATE_OVERLAP|CHORD_DESYNC,1|2|64|80|81,,7
NIP-97ef38dfea6ab5a1c45c,121,2,102,Echo Pan,ACC5,SYNTH_FX,FACTORY_CORPUS,FALLBACK,UNKNOWN,PRESERVE,True,,,,6
NIP-cf374dc475050cbe02e6,121,2,105,Oud 2,ACC2,ETHNIC,FACTORY_CORPUS,FALLBACK,UNKNOWN,EXACT_EVIDENCE_ANALYZE,False,ONSET_SPIKE|GATE_TRUNCATE,,,6
NIP-a85f4663660b9a013a67,121,2,111,Hichiriki,ACC4,ETHNIC,FACTORY_CORPUS,FALLBACK,UNKNOWN,EXACT_EVIDENCE_ANALYZE,False,ONSET_SPIKE|GATE_TRUNCATE,,,5
NIP-090ff396e8310977a587,121,2,120,Ac. Bass String,ACC5,SFX,FACTORY_CORPUS,FALLBACK,UNKNOWN,PRESERVE,True,,,,6
NIP-78fd75b5a97973d61e10,121,3,0,Grand Piano,ACC1,PIANO,FACTORY_CORPUS,STRONG,MODERATE,EXACT_PROXY_SUGGEST,False,ONSET_SPIKE|GATE_TRUNCATE|GATE_OVERLAP,64,coherent_chord_timing|coherent_chord_velocity,5
NIP-befd39c642f93d984f91,121,3,1,Piano Pad 2,ACC1,SYNTH_PAD,FACTORY_CORPUS,FALLBACK,UNKNOWN,EXACT_EVIDENCE_ANALYZE,False,GATE_TRUNCATE|GATE_OVERLAP|CHORD_DESYNC,1|2|64|80|81,,8
NIP-c1a6193927030543fdef,121,3,2,90's Piano,ACC1,PIANO,FACTORY_CORPUS,FALLBACK,UNKNOWN,EXACT_EVIDENCE_ANALYZE,False,ONSET_SPIKE|GATE_TRUNCATE|GATE_OVERLAP,64,,5
NIP-69744ac1c795859368ea,121,3,4,60's E. Piano,ACC1,PIANO,FACTORY_CORPUS,LIMITED,UNKNOWN,EXACT_EVIDENCE_ANALYZE,False,ONSET_SPIKE|GATE_TRUNCATE|GATE_OVERLAP,64,,5
NIP-14c4aced50f763372e30,121,3,5,EP Legend,ACC2,PIANO,FACTORY_CORPUS,FALLBACK,UNKNOWN,EXACT_EVIDENCE_ANALYZE,False,ONSET_SPIKE|GATE_TRUNCATE|GATE_OVERLAP,64,,5
NIP-74a5149a18456b0d7394,121,3,7,Clav Snap,ACC2,PIANO,FACTORY_CORPUS,FALLBACK,UNKNOWN,EXACT_EVIDENCE_ANALYZE,False,ONSET_SPIKE|GATE_TRUNCATE|GATE_OVERLAP,64,,5
NIP-6c5b552ef1b1846e4baa,121,3,19,Pipe Mixture,ACC4,ORGAN,FACTORY_CORPUS,FALLBACK,UNKNOWN,EXACT_EVIDENCE_ANALYZE,False,ONSET_SPIKE|GATE_TRUNCATE|GATE_OVERLAP,,,6
NIP-84a601b239be5c1740e7,121,3,23,"Accordion16,8,4'",ACC3,ACCORDION_REED,FACTORY_CORPUS,FALLBACK,UNKNOWN,EXACT_EVIDENCE_ANALYZE,False,ONSET_SPIKE|GATE_TRUNCATE,1|2|64|80|81|aftertouch|pitch_bend,,6
NIP-7a330f54c0bc29c92181,121,3,26,Club Jazz Gtr 2,ACC1,GUITAR,FACTORY_CORPUS,LIMITED,UNKNOWN,EXACT_EVIDENCE_ANALYZE,False,ONSET_SPIKE|GATE_TRUNCATE|CHORD_DESYNC|GROOVE_DRIFT,1|2|64|80|81,,5
NIP-4bd917e7c65b20cb4913,121,3,27,Chorus Guitar,ACC2,GUITAR,FACTORY_CORPUS,LIMITED,UNKNOWN,EXACT_EVIDENCE_ANALYZE,False,ONSET_SPIKE|GATE_TRUNCATE|CHORD_DESYNC|GROOVE_DRIFT,1|2|64|80|81,,5
NIP-3bbb749c3549f812e86e,121,3,29,Crunch Gtr DNC,MANUAL_ONLY,GUITAR,OFFICIAL_MANUAL_ONLY,NO_FACTORY_SUPPORT,NO_FACTORY_SUPPORT,PRESERVE,True,,1|2|64|80|81,,22
NIP-94a1cd30da5015a7d68e,121,3,32,Acous. Bass Pro1,BASS,BASS,FACTORY_CORPUS,STRONG,CONTEXT_DEPENDENT,EXACT_EVIDENCE_ANALYZE,False,ONSET_SPIKE|GATE_TRUNCATE|GROOVE_DRIFT,1|2|64|80|81,,5
NIP-7c2400904d0cb50e9e81,121,3,33,Finger E.Bass2,BASS,BASS,FACTORY_CORPUS,STRONG,CONTEXT_DEPENDENT,EXACT_EVIDENCE_ANALYZE,False,ONSET_SPIKE|GATE_TRUNCATE|GROOVE_DRIFT,1|2|64|80|81,,5
NIP-a9a01f8998d70000151b,121,3,34,Stein Bass,BASS,BASS,FACTORY_CORPUS,STRONG,CONTEXT_DEPENDENT,EXACT_EVIDENCE_ANALYZE,False,ONSET_SPIKE|GATE_TRUNCATE|GROOVE_DRIFT,1|2|64|80|81,,5
NIP-f38cd6838b9e62348a39,121,3,37,Dyna Slap Bass,BASS,BASS,FACTORY_CORPUS,FALLBACK,UNKNOWN,EXACT_EVIDENCE_ANALYZE,False,ONSET_SPIKE|GATE_TRUNCATE|GROOVE_DRIFT,1|2|64|80|81,,6
NIP-81b60da37fc86aee2343,121,3,39,Attack Pulse,BASS,BASS,FACTORY_CORPUS,FALLBACK,UNKNOWN,EXACT_EVIDENCE_ANALYZE,False,ONSET_SPIKE|GATE_TRUNCATE|GROOVE_DRIFT,1|2|64|80|81,,5
NIP-5f5651e0282d84415743,121,3,45,Double Strings,ACC3,STRINGS,FACTORY_CORPUS,LIMITED,UNKNOWN,EXACT_EVIDENCE_ANALYZE,False,ONSET_SPIKE|GATE_TRUNCATE|GATE_OVERLAP|CHORD_DESYNC,1|2|64|80|81,,5
NIP-8325a78f076d9396719f,121,3,48,Stereo Strings,ACC3,ENSEMBLE,FACTORY_CORPUS,STRONG,CONTEXT_DEPENDENT,EXACT_EVIDENCE_ANALYZE,False,ONSET_SPIKE|GATE_TRUNCATE|GATE_OVERLAP|CHORD_DESYNC,1|2|64|80|81,,6
NIP-9feb11105290f7bb81c7,121,3,50,Analog Velve,ACC3,ENSEMBLE,FACTORY_CORPUS,GOOD,CONTEXT_DEPENDENT,EXACT_EVIDENCE_ANALYZE,False,ONSET_SPIKE|GATE_TRUNCATE|GATE_OVERLAP|CHORD_DESYNC,1|2|64|80|81,,5
NIP-c32700b2d374616d9a8e,121,3,57,Hard Trombone,ACC1,BRASS,FACTORY_CORPUS,FALLBACK,UNKNOWN,EXACT_EVIDENCE_ANALYZE,False,ONSET_SPIKE|GATE_TRUNCATE,1|2|64|80|81|aftertouch|pitch_bend,,6
NIP-109bd4bdeba46b310a0c,121,3,57,Mute Ensemble 1,ACC1,BRASS,FACTORY_CORPUS,FALLBACK,UNKNOWN,EXACT_EVIDENCE_ANALYZE,False,ONSET_SPIKE|GATE_TRUNCATE,1|2|64|80|81|aftertouch|pitch_bend,,4
NIP-17b926ec97e80c935987,121,3,59,Mute Ensemble 1,ACC2,BRASS,FACTORY_CORPUS,STRONG,CONTEXT_DEPENDENT,EXACT_EVIDENCE_ANALYZE,False,ONSET_SPIKE|GATE_TRUNCATE,1|2|64|80|81|aftertouch|pitch_bend,,5
NIP-83720b8588ae05518182,121,3,61,Glen & Friends,ACC3,BRASS,FACTORY_CORPUS,GOOD,CONTEXT_DEPENDENT,EXACT_EVIDENCE_ANALYZE,False,ONSET_SPIKE|GATE_TRUNCATE,1|2|64|80|81|aftertouch|pitch_bend,,5
NIP-bb347b6c4de32b2e330e,121,3,61,Mute Ensemble 1,ACC1,BRASS,FACTORY_CORPUS,FALLBACK,UNKNOWN,EXACT_EVIDENCE_ANALYZE,False,ONSET_SPIKE|GATE_TRUNCATE,1|2|64|80|81|aftertouch|pitch_bend,,5
NIP-4eec185c9838fdaf7df7,121,3,63,Brass Pad,ACC4,SYNTH_PAD,FACTORY_CORPUS,FALLBACK,UNKNOWN,EXACT_EVIDENCE_ANALYZE,False,GATE_TRUNCATE|GATE_OVERLAP|CHORD_DESYNC,1|2|64|80|81,,8
NIP-1ab9c5b17c0341d798bf,121,3,65,Breathy Alto Sax,ACC3,REED,FACTORY_CORPUS,LIMITED,UNKNOWN,EXACT_EVIDENCE_ANALYZE,False,ONSET_SPIKE|GATE_TRUNCATE,1|2|64|80|81|aftertouch|pitch_bend,,5
NIP-2217c3f49a69bcefc294,121,3,66,Tenor Breath,ACC4,REED,FACTORY_CORPUS,FALLBACK,UNKNOWN,EXACT_EVIDENCE_ANALYZE,False,ONSET_SPIKE|GATE_TRUNCATE,1|2|64|80|81|aftertouch|pitch_bend,,6
NIP-74994f248d3bf0a66175,121,3,67,Baritone Sax Pro,ACC4,REED,FACTORY_CORPUS,FALLBACK,UNKNOWN,EXACT_EVIDENCE_ANALYZE,False,ONSET_SPIKE|GATE_TRUNCATE,1|2|64|80|81|aftertouch|pitch_bend,,5
NIP-f02c9d3440b7b8d04dcb,121,3,71,Section Winds 1,ACC4,REED,FACTORY_CORPUS,FALLBACK,UNKNOWN,EXACT_EVIDENCE_ANALYZE,False,ONSET_SPIKE|GATE_TRUNCATE,1|2|64|80|81|aftertouch|pitch_bend,,6
NIP-4d776ac83f925c38f2b5,121,3,89,Power Synth,ACC5,SYNTH_PAD,FACTORY_CORPUS,FALLBACK,UNKNOWN,EXACT_EVIDENCE_ANALYZE,False,GATE_TRUNCATE|GATE_OVERLAP|CHORD_DESYNC,1|2|64|80|81,,6
NIP-1f72895397f0ab617dae,121,3,90,Synth Sweeper,ACC3,SYNTH_PAD,FACTORY_CORPUS,FALLBACK,UNKNOWN,EXACT_EVIDENCE_ANALYZE,False,GATE_TRUNCATE|GATE_OVERLAP|CHORD_DESYNC,1|2|64|80|81,,5
NIP-f7e4052f3b5da6f3b031,121,3,96,Wave Cycle DNC,MANUAL_ONLY,SYNTH_FX,OFFICIAL_MANUAL_ONLY,NO_FACTORY_SUPPORT,NO_FACTORY_SUPPORT,PRESERVE,True,,,,22
NIP-8d665bfe9e3b2d1725eb,121,3,107,Kanoun Trem. 2,ACC1,ETHNIC,FACTORY_CORPUS,FALLBACK,UNKNOWN,EXACT_EVIDENCE_ANALYZE,False,ONSET_SPIKE|GATE_TRUNCATE,,,6
NIP-49b9e7b8b5e560d99ec2,121,3,109,HighlandBagPipes,ACC4,ETHNIC,FACTORY_CORPUS,FALLBACK,UNKNOWN,EXACT_EVIDENCE_ANALYZE,False,ONSET_SPIKE|GATE_TRUNCATE,,,8
NIP-a7da759bd6289684d2bb,121,3,120,Vox Wah Chick RX,ACC4,SFX,FACTORY_CORPUS,GOOD,INSUFFICIENT_SPLIT_SUPPORT,PRESERVE,True,,,,4
NIP-d84f78fa640c9485dca0,121,4,0,Classic Piano,ACC2,PIANO,FACTORY_CORPUS,LIMITED,UNKNOWN,EXACT_EVIDENCE_ANALYZE,False,ONSET_SPIKE|GATE_TRUNCATE|GATE_OVERLAP,64,,5
NIP-d6417a677de41b8099b2,121,4,1,Piano & Pad,ACC1,SYNTH_PAD,FACTORY_CORPUS,LIMITED,UNKNOWN,EXACT_EVIDENCE_ANALYZE,False,GATE_TRUNCATE|GATE_OVERLAP|CHORD_DESYNC,1|2|64|80|81,,6
NIP-d571f8900cd5432d291d,121,4,2,2000's Piano,ACC1,PIANO,FACTORY_CORPUS,FALLBACK,UNKNOWN,EXACT_EVIDENCE_ANALYZE,False,ONSET_SPIKE|GATE_TRUNCATE|GATE_OVERLAP,64,,6
NIP-03cad057f5a7ae3009f7,121,4,4,Vintage EP,ACC1,PIANO,FACTORY_CORPUS,STRONG,CONTEXT_DEPENDENT,EXACT_EVIDENCE_ANALYZE,False,ONSET_SPIKE|GATE_TRUNCATE|GATE_OVERLAP,64,,5
NIP-aa379fc1d446a80b7070,121,4,5,EP Phase,ACC1,PIANO,FACTORY_CORPUS,FALLBACK,UNKNOWN,EXACT_EVIDENCE_ANALYZE,False,ONSET_SPIKE|GATE_TRUNCATE|GATE_OVERLAP,64,,5
NIP-5b527bede6bdc3a7f19c,121,4,16,Organ Low 1 V.,BASS,ORGAN,FACTORY_CORPUS,GOOD,INSUFFICIENT_SPLIT_SUPPORT,EXACT_EVIDENCE_ANALYZE,False,ONSET_SPIKE|GATE_TRUNCATE|GATE_OVERLAP,,,6
NIP-d6bbbd39e877cd30b891,121,4,17,Organ Low Pc. V.,ACC5,ORGAN,FACTORY_CORPUS,GOOD,CONTEXT_DEPENDENT,EXACT_EVIDENCE_ANALYZE,False,ONSET_SPIKE|GATE_TRUNCATE|GATE_OVERLAP,,,6
NIP-419b7030f1ce911085fd,121,4,20,Pipe Flute 1,ACC4,ORGAN,FACTORY_CORPUS,FALLBACK,UNKNOWN,EXACT_EVIDENCE_ANALYZE,False,ONSET_SPIKE|GATE_TRUNCATE|GATE_OVERLAP,,,6
NIP-9a855db9145046836e2c,121,4,23,"Acc.16,8' & Bass",ACC5,ORGAN,FACTORY_CORPUS,FALLBACK,UNKNOWN,EXACT_EVIDENCE_ANALYZE,False,ONSET_SPIKE|GATE_TRUNCATE|GATE_OVERLAP,,,5
NIP-39ee58d087137eee2392,121,4,25,Steel Guitar 2,ACC1,GUITAR,FACTORY_CORPUS,FALLBACK,UNKNOWN,EXACT_EVIDENCE_ANALYZE,False,ONSET_SPIKE|GATE_TRUNCATE|CHORD_DESYNC|GROOVE_DRIFT,1|2|64|80|81,,5
NIP-6367ff7524d7eefc69f5,121,4,26,Pedal Steel Gtr2,ACC3,GUITAR,FACTORY_CORPUS,FALLBACK,UNKNOWN,EXACT_EVIDENCE_ANALYZE,False,ONSET_SPIKE|GATE_TRUNCATE|CHORD_DESYNC|GROOVE_DRIFT,1|2|64|80|81,,5
NIP-5eccded55373f8c95dfd,121,4,27,Vintage S.2,ACC3,GUITAR,FACTORY_CORPUS,GOOD,CONTEXT_DEPENDENT,EXACT_EVIDENCE_ANALYZE,False,ONSET_SPIKE|GATE_TRUNCATE|CHORD_DESYNC|GROOVE_DRIFT,1|2|64|80|81,,5
NIP-da4f6d7e2b76277e7068,121,4,28,R&R Guitar,ACC3,GUITAR,FACTORY_CORPUS,LIMITED,UNKNOWN,EXACT_EVIDENCE_ANALYZE,False,ONSET_SPIKE|GATE_TRUNCATE|CHORD_DESYNC|GROOVE_DRIFT,1|2|64|80|81,,6
NIP-65b10d26e5498656f801,121,4,30,Power Chords,ACC3,GUITAR,FACTORY_CORPUS,LIMITED,UNKNOWN,EXACT_EVIDENCE_ANALYZE,False,ONSET_SPIKE|GATE_TRUNCATE|CHORD_DESYNC|GROOVE_DRIFT,1|2|64|80|81,,4
NIP-46893f9f12675016593a,121,4,32,Acous. Bass Pro2,BASS,BASS,FACTORY_CORPUS,FALLBACK,UNKNOWN,EXACT_EVIDENCE_ANALYZE,False,ONSET_SPIKE|GATE_TRUNCATE|GROOVE_DRIFT,1|2|64|80|81,,5
NIP-32c2c7639a0dd5f26d3f,121,4,33,Finger E.Bass3,BASS,BASS,FACTORY_CORPUS,FALLBACK,UNKNOWN,EXACT_EVIDENCE_ANALYZE,False,ONSET_SPIKE|GATE_TRUNCATE|GROOVE_DRIFT,1|2|64|80|81,,6
NIP-fba17078f1f8f4e4dea7,121,4,35,Dark R&B Bass1,BASS,BASS,FACTORY_CORPUS,GOOD,CONTEXT_DEPENDENT,EXACT_EVIDENCE_ANALYZE,False,ONSET_SPIKE|GATE_TRUNCATE|GROOVE_DRIFT,1|2|64|80|81,,5
NIP-4c9797fbc8d3f423297f,121,4,36,SlapFing Bass RX,BASS,BASS,FACTORY_CORPUS,STRONG,CONTEXT_DEPENDENT,PRESERVE,True,,1|2|64|80|81,,5
NIP-67533e9416e7dc66886d,121,4,48,Legato Strings,ACC4,ENSEMBLE,FACTORY_CORPUS,GOOD,CONTEXT_DEPENDENT,EXACT_EVIDENCE_ANALYZE,False,ONSET_SPIKE|GATE_TRUNCATE|GATE_OVERLAP|CHORD_DESYNC,1|2|64|80|81,,5
NIP-f5075ee04ee288f266e1,121,4,52,Take Voices 1,ACC5,ENSEMBLE,FACTORY_CORPUS,FALLBACK,UNKNOWN,EXACT_EVIDENCE_ANALYZE,False,ONSET_SPIKE|GATE_TRUNCATE|GATE_OVERLAP|CHORD_DESYNC,1|2|64|80|81,,5
NIP-db1c1be212183b00b9f1,121,4,55,Brass Impact,ACC4,ENSEMBLE,FACTORY_CORPUS,FALLBACK,UNKNOWN,EXACT_EVIDENCE_ANALYZE,False,ONSET_SPIKE|GATE_TRUNCATE|GATE_OVERLAP|CHORD_DESYNC,1|2|64|80|81,,6
NIP-6dc7192e08e4020ef0ba,121,4,56,Trumpet Expr.2,ACC5,BRASS,FACTORY_CORPUS,FALLBACK,UNKNOWN,EXACT_EVIDENCE_ANALYZE,False,ONSET_SPIKE|GATE_TRUNCATE,1|2|64|80|81|aftertouch|pitch_bend,,6
NIP-fe226f509afd73022e6f,121,4,57,Soft Trombone,ACC5,BRASS,FACTORY_CORPUS,FALLBACK,UNKNOWN,EXACT_EVIDENCE_ANALYZE,False,ONSET_SPIKE|GATE_TRUNCATE,1|2|64|80|81|aftertouch|pitch_bend,,4
NIP-057e789c63659218da13,121,4,59,Mute Ensemble 2,ACC3,BRASS,FACTORY_CORPUS,LIMITED,UNKNOWN,EXACT_EVIDENCE_ANALYZE,False,ONSET_SPIKE|GATE_TRUNCATE,1|2|64|80|81|aftertouch|pitch_bend,,5
NIP-97e10ee6346054b5a93c,121,4,60,Horns & Ensemble,ACC3,BRASS,FACTORY_CORPUS,LIMITED,UNKNOWN,EXACT_EVIDENCE_ANALYZE,False,ONSET_SPIKE|GATE_TRUNCATE,1|2|64|80|81|aftertouch|pitch_bend,,5
NIP-99b3dbe17aa88ca7939b,121,4,61,Big Band Brass 2,ACC4,BRASS,FACTORY_CORPUS,FALLBACK,UNKNOWN,EXACT_EVIDENCE_ANALYZE,False,ONSET_SPIKE|GATE_TRUNCATE,1|2|64|80|81|aftertouch|pitch_bend,,6
NIP-4ef2076ad31a7a6c19e4,121,4,63,Big Panner,ACC3,BRASS,FACTORY_CORPUS,FALLBACK,UNKNOWN,EXACT_EVIDENCE_ANALYZE,False,ONSET_SPIKE,1|2|64|80|81|aftertouch|pitch_bend,,10
NIP-1922381c97738fe02dcc,121,4,64,Sweet Soprano 2,ACC5,REED,FACTORY_CORPUS,FALLBACK,UNKNOWN,EXACT_EVIDENCE_ANALYZE,False,ONSET_SPIKE|GATE_TRUNCATE,1|2|64|80|81|aftertouch|pitch_bend,,7
NIP-14b76757308c4f7dafb6,121,4,66,Tenor Growl,ACC4,REED,FACTORY_CORPUS,FALLBACK,UNKNOWN,EXACT_EVIDENCE_ANALYZE,False,ONSET_SPIKE|GATE_TRUNCATE,1|2|64|80|81|aftertouch|pitch_bend,,8
NIP-9dd0ab4d026e3499cb51,121,4,67,Baritone Sax 2,ACC4,REED,FACTORY_CORPUS,FALLBACK,UNKNOWN,EXACT_EVIDENCE_ANALYZE,False,ONSET_SPIKE|GATE_TRUNCATE,1|2|64|80|81|aftertouch|pitch_bend,,4
NIP-c42ac9343ed5bba93805,121,4,71,Section Winds 2,ACC1,REED,FACTORY_CORPUS,FALLBACK,UNKNOWN,EXACT_EVIDENCE_ANALYZE,False,ONSET_SPIKE|GATE_TRUNCATE,1|2|64|80|81|aftertouch|pitch_bend,,5
NIP-c621c6b1c1f32757210b,121,4,73,Flute Frullato,ACC3,PIPE,FACTORY_CORPUS,FALLBACK,UNKNOWN,EXACT_EVIDENCE_ANALYZE,False,ONSET_SPIKE|GATE_TRUNCATE,1|2|64|80|81|aftertouch|pitch_bend,,6
NIP-b049a0f3868fd00382bd,121,4,80,Dance Lead,ACC4,SYNTH_LEAD,FACTORY_CORPUS,FALLBACK,UNKNOWN,EXACT_EVIDENCE_ANALYZE,False,ONSET_SPIKE|GATE_TRUNCATE,1|2|64|80|81|aftertouch|pitch_bend,,5
NIP-5d6df4a7599b8105c29e,121,4,81,Seq. Analog,ACC5,SYNTH_LEAD,FACTORY_CORPUS,FALLBACK,UNKNOWN,EXACT_EVIDENCE_ANALYZE,False,ONSET_SPIKE|GATE_TRUNCATE,1|2|64|80|81|aftertouch|pitch_bend,,6
NIP-9acf784cc97f4a83cf46,121,4,84,Metallic Rez,ACC3,SYNTH_LEAD,FACTORY_CORPUS,FALLBACK,UNKNOWN,EXACT_EVIDENCE_ANALYZE,False,ONSET_SPIKE|GATE_TRUNCATE,1|2|64|80|81|aftertouch|pitch_bend,,6
NIP-a4c8b9433a06ef6254cb,121,4,97,Pods In Pad,ACC5,SYNTH_PAD,FACTORY_CORPUS,FALLBACK,UNKNOWN,EXACT_EVIDENCE_ANALYZE,False,GATE_TRUNCATE|GATE_OVERLAP|CHORD_DESYNC,1|2|64|80|81,,5
NIP-fe78fc3a79e0eb2f435a,121,4,98,Digi Bell,ACC5,SYNTH_FX,FACTORY_CORPUS,FALLBACK,UNKNOWN,PRESERVE,True,,,,7
NIP-156d3d686f228beb64fb,121,4,102,Pan Reso,ACC2,SYNTH_FX,FACTORY_CORPUS,FALLBACK,UNKNOWN,PRESERVE,True,,,,11
NIP-113d19810dada0731eaf,121,4,107,Kanoun Mix,ACC3,ETHNIC,FACTORY_CORPUS,FALLBACK,UNKNOWN,EXACT_EVIDENCE_ANALYZE,False,ONSET_SPIKE|GATE_TRUNCATE,,,6
NIP-655d3c797d8d57ea27c0,121,5,0,Jazz Piano,ACC1,PIANO,FACTORY_CORPUS,GOOD,CONTEXT_DEPENDENT,EXACT_EVIDENCE_ANALYZE,False,ONSET_SPIKE|GATE_TRUNCATE|GATE_OVERLAP,64,,5
NIP-623016253134d08ad190,121,5,2,Chorus Piano,ACC1,PIANO,FACTORY_CORPUS,GOOD,CONTEXT_DEPENDENT,EXACT_EVIDENCE_ANALYZE,False,ONSET_SPIKE|GATE_TRUNCATE|GATE_OVERLAP,64,,5
NIP-55b9b926ad2013d657ee,121,5,4,Pro Dyno EP,ACC1,PIANO,FACTORY_CORPUS,GOOD,CONTEXT_DEPENDENT,EXACT_EVIDENCE_ANALYZE,False,ONSET_SPIKE|GATE_TRUNCATE|GATE_OVERLAP,64,,5
NIP-b30a8310d3c4258f56e9,121,5,5,Syn Piano X,ACC1,PIANO,FACTORY_CORPUS,LIMITED,UNKNOWN,EXACT_EVIDENCE_ANALYZE,False,ONSET_SPIKE|GATE_TRUNCATE|GATE_OVERLAP,64,,5
NIP-2a465ee54c8bd5a46571,121,5,7,Clav RX,ACC2,PIANO,FACTORY_CORPUS,FALLBACK,UNKNOWN,PRESERVE,True,,64,,6
NIP-20c43ec0fa194ea65fb9,121,5,16,Dark Organ 2 V.,ACC3,ORGAN,FACTORY_CORPUS,FALLBACK,UNKNOWN,EXACT_EVIDENCE_ANALYZE,False,ONSET_SPIKE|GATE_TRUNCATE|GATE_OVERLAP,,,5
NIP-44293eecbb5b46f5f99e,121,5,18,BX3 Rock 3 V.,ACC4,ORGAN,FACTORY_CORPUS,LIMITED,UNKNOWN,EXACT_EVIDENCE_ANALYZE,False,ONSET_SPIKE|GATE_TRUNCATE|GATE_OVERLAP,,,5
NIP-bc0d834cf12af0bbac11,121,5,22,Harmonica DNC,MANUAL_ONLY,ACCORDION_REED,OFFICIAL_MANUAL_ONLY,NO_FACTORY_SUPPORT,NO_FACTORY_SUPPORT,PRESERVE,True,,1|2|64|80|81|aftertouch|pitch_bend,,22
NIP-81b1b51b80a048b5aaa9,121,5,24,Ac.Guitar KeyOff,ACC2,GUITAR,FACTORY_CORPUS,FALLBACK,UNKNOWN,EXACT_EVIDENCE_ANALYZE,False,ONSET_SPIKE|GATE_TRUNCATE|CHORD_DESYNC|GROOVE_DRIFT,1|2|64|80|81,,6
NIP-1035f92fc891740cee46,121,5,25,Steel 12 String,ACC3,GUITAR,FACTORY_CORPUS,FALLBACK,UNKNOWN,EXACT_EVIDENCE_ANALYZE,False,ONSET_SPIKE|GATE_TRUNCATE|CHORD_DESYNC|GROOVE_DRIFT,1|2|64|80|81,,5
NIP-7d956a99df74c8dc42b8,121,5,26,Soft Jazz Guitar,ACC2,GUITAR,FACTORY_CORPUS,GOOD,CONTEXT_DEPENDENT,EXACT_EVIDENCE_ANALYZE,False,ONSET_SPIKE|GATE_TRUNCATE|CHORD_DESYNC|GROOVE_DRIFT,1|2|64|80|81,,5
NIP-0284cc534c8c07789901,121,5,27,Proces.E.Guitar,ACC5,GUITAR,FACTORY_CORPUS,FALLBACK,UNKNOWN,EXACT_EVIDENCE_ANALYZE,False,ONSET_SPIKE|GATE_TRUNCATE|CHORD_DESYNC|GROOVE_DRIFT,1|2|64|80|81,,5
NIP-6d8b9a937469c8954ebf,121,5,27,Soft Jazz Guitar,ACC3,GUITAR,FACTORY_CORPUS,FALLBACK,UNKNOWN,EXACT_EVIDENCE_ANALYZE,False,ONSET_SPIKE|GATE_TRUNCATE|CHORD_DESYNC|GROOVE_DRIFT,1|2|64|80|81,,8
NIP-6fd55e4cee1d56238813,121,5,28,Stra. Chime,ACC4,GUITAR,FACTORY_CORPUS,FALLBACK,UNKNOWN,EXACT_EVIDENCE_ANALYZE,False,ONSET_SPIKE|GATE_TRUNCATE|CHORD_DESYNC|GROOVE_DRIFT,1|2|64|80|81,,4
NIP-90e0507107024be9f885,121,5,33,Stick Bass,BASS,BASS,FACTORY_CORPUS,FALLBACK,UNKNOWN,EXACT_EVIDENCE_ANALYZE,False,ONSET_SPIKE|GATE_TRUNCATE|GROOVE_DRIFT,1|2|64|80|81,,6
NIP-3c3f184c580a415a3177,121,5,35,Dark R&B Bass2,BASS,BASS,FACTORY_CORPUS,LIMITED,UNKNOWN,EXACT_EVIDENCE_ANALYZE,False,ONSET_SPIKE|GATE_TRUNCATE|GROOVE_DRIFT,1|2|64|80|81,,5
NIP-aedaec726df10b719f20,121,5,36,SlapPick Bass RX,BASS,BASS,FACTORY_CORPUS,FALLBACK,UNKNOWN,PRESERVE,True,,1|2|64|80|81,,4
NIP-9b59447f2b57bc8871df,121,5,37,The Other Slap,BASS,BASS,FACTORY_CORPUS,FALLBACK,UNKNOWN,EXACT_EVIDENCE_ANALYZE,False,ONSET_SPIKE|GATE_TRUNCATE|GROOVE_DRIFT,1|2|64|80|81,,4
NIP-8092bf5faa6ccf51db13,121,5,38,30303 Bass,ACC4,BASS,FACTORY_CORPUS,FALLBACK,UNKNOWN,EXACT_EVIDENCE_ANALYZE,False,ONSET_SPIKE|GATE_TRUNCATE|GROOVE_DRIFT,1|2|64|80|81,,6
NIP-1c86b614bae471067d10,121,5,39,Jungle Rez,BASS,BASS,FACTORY_CORPUS,LIMITED,UNKNOWN,EXACT_EVIDENCE_ANALYZE,False,ONSET_SPIKE|GATE_TRUNCATE|GROOVE_DRIFT,1|2|64|80|81,,5
NIP-c51c397390b23b4948fd,121,5,48,i3 Strings,ACC3,ENSEMBLE,FACTORY_CORPUS,STRONG,MODERATE,EXACT_PROXY_SUGGEST,False,ONSET_SPIKE|GATE_TRUNCATE|GATE_OVERLAP|CHORD_DESYNC,1|2|64|80|81,coherent_phrase_velocity|coherent_sustain_chord_timing,5
NIP-b1bf5df7473a43c890e7,121,5,49,Movie Strings 1,ACC5,ENSEMBLE,FACTORY_CORPUS,FALLBACK,UNKNOWN,EXACT_EVIDENCE_ANALYZE,False,ONSET_SPIKE|GATE_TRUNCATE|GATE_OVERLAP|CHORD_DESYNC,1|2|64|80|81,,7
NIP-4d775303affde6a0f1ed,121,5,50,Analog Strings 1,ACC5,ENSEMBLE,FACTORY_CORPUS,GOOD,CONTEXT_DEPENDENT,EXACT_EVIDENCE_ANALYZE,False,ONSET_SPIKE|GATE_TRUNCATE|GATE_OVERLAP|CHORD_DESYNC,1|2|64|80|81,,6
NIP-92c8b305365fcbaf626d,121,5,52,Take Voices 2,ACC1,ENSEMBLE,FACTORY_CORPUS,FALLBACK,UNKNOWN,EXACT_EVIDENCE_ANALYZE,False,ONSET_SPIKE|GATE_TRUNCATE|GATE_OVERLAP|CHORD_DESYNC,1|2|64|80|81,,5
NIP-0611c77a2cec15bac482,121,5,56,Trumpet Pitch,ACC4,BRASS,FACTORY_CORPUS,FALLBACK,UNKNOWN,EXACT_EVIDENCE_ANALYZE,False,ONSET_SPIKE|GATE_TRUNCATE,1|2|64|80|81|aftertouch|pitch_bend,,6
NIP-29243473b5bb26a01c92,121,5,57,Pitch Trombone,ACC2,BRASS,FACTORY_CORPUS,FALLBACK,UNKNOWN,EXACT_EVIDENCE_ANALYZE,False,ONSET_SPIKE|GATE_TRUNCATE,1|2|64|80|81|aftertouch|pitch_bend,,6
NIP-3ad05586f82d41749b19,121,5,61,Sax & Brass,ACC3,BRASS,FACTORY_CORPUS,FALLBACK,UNKNOWN,EXACT_EVIDENCE_ANALYZE,False,ONSET_SPIKE|GATE_TRUNCATE,1|2|64|80|81|aftertouch|pitch_bend,,8
NIP-83aba9ecb85dd752bd1c,121,5,65,Sweet Alto Sax 1,ACC4,REED,FACTORY_CORPUS,FALLBACK,UNKNOWN,EXACT_EVIDENCE_ANALYZE,False,ONSET_SPIKE|GATE_TRUNCATE,1|2|64|80|81|aftertouch|pitch_bend,,6
NIP-ba900340eb2e9b058d59,121,5,66,Folk Sax,ACC4,REED,FACTORY_CORPUS,FALLBACK,UNKNOWN,EXACT_EVIDENCE_ANALYZE,False,ONSET_SPIKE|GATE_TRUNCATE,1|2|64|80|81|aftertouch|pitch_bend,,6
NIP-f625f564af5c9298f4df,121,5,71,Clarinet Ens.,ACC3,REED,FACTORY_CORPUS,LIMITED,UNKNOWN,EXACT_EVIDENCE_ANALYZE,False,ONSET_SPIKE|GATE_TRUNCATE,1|2|64|80|81|aftertouch|pitch_bend,,4
NIP-9d25be55d3092f0b0db1,121,5,78,Whistle DNC,MANUAL_ONLY,PIPE,OFFICIAL_MANUAL_ONLY,NO_FACTORY_SUPPORT,NO_FACTORY_SUPPORT,PRESERVE,True,,1|2|64|80|81|aftertouch|pitch_bend,,22
NIP-d5147bf843b16049a2a5,121,5,81,Power Saw,ACC3,SYNTH_LEAD,FACTORY_CORPUS,FALLBACK,UNKNOWN,EXACT_EVIDENCE_ANALYZE,False,ONSET_SPIKE|GATE_TRUNCATE,1|2|64|80|81|aftertouch|pitch_bend,,6
NIP-1b74ff59b133f1d8dacc,121,5,84,Brian Sync,ACC5,SYNTH_LEAD,FACTORY_CORPUS,FALLBACK,UNKNOWN,EXACT_EVIDENCE_ANALYZE,False,ONSET_SPIKE|GATE_TRUNCATE,1|2|64|80|81|aftertouch|pitch_bend,,5
NIP-5e260866ee1cf81e82e1,121,5,97,Noble Pad,ACC5,SYNTH_PAD,FACTORY_CORPUS,FALLBACK,UNKNOWN,EXACT_EVIDENCE_ANALYZE,False,CHORD_DESYNC,1|2|64|80|81,,12
NIP-fe6f1bb755aeb97dabe0,121,5,98,Moving Bell,ACC5,SYNTH_FX,FACTORY_CORPUS,FALLBACK,UNKNOWN,PRESERVE,True,,,,7
NIP-a3451b29dd4e18c43aa1,121,5,126,Footsteps,ACC3,SFX,FACTORY_CORPUS,FALLBACK,UNKNOWN,PRESERVE,True,,,,7
NIP-999d98e2feffbb548279,121,6,4,Pro Stage EP,ACC1,PIANO,FACTORY_CORPUS,FALLBACK,UNKNOWN,EXACT_EVIDENCE_ANALYZE,False,ONSET_SPIKE|GATE_TRUNCATE|GATE_OVERLAP,64,,5
NIP-66dd28fc3222b36e2ef6,121,6,5,Stereo Dig. EP,ACC3,PIANO,FACTORY_CORPUS,FALLBACK,UNKNOWN,EXACT_EVIDENCE_ANALYZE,False,ONSET_SPIKE|GATE_TRUNCATE|GATE_OVERLAP,64,,6
NIP-e7ba17332e9b23c6478a,121,6,16,BX3 Full V.,ACC5,ORGAN,FACTORY_CORPUS,FALLBACK,UNKNOWN,EXACT_EVIDENCE_ANALYZE,False,ONSET_SPIKE|GATE_TRUNCATE|GATE_OVERLAP,,,6
NIP-69b50bc3c06a042af5ee,121,6,18,Super BX Perc.,ACC3,ORGAN,FACTORY_CORPUS,FALLBACK,UNKNOWN,EXACT_EVIDENCE_ANALYZE,False,ONSET_SPIKE|GATE_TRUNCATE|GATE_OVERLAP,,,7
NIP-3847da62cbecf5a08119,121,6,25,Hackbrett,ACC2,GUITAR,FACTORY_CORPUS,LIMITED,UNKNOWN,EXACT_EVIDENCE_ANALYZE,False,ONSET_SPIKE|GATE_TRUNCATE|CHORD_DESYNC|GROOVE_DRIFT,1|2|64|80|81,,5
NIP-628b84fc8b9e077cfd15,121,6,26,JazzGtr SlidePro,ACC2,GUITAR,FACTORY_CORPUS,FALLBACK,UNKNOWN,EXACT_EVIDENCE_ANALYZE,False,ONSET_SPIKE|GATE_TRUNCATE|CHORD_DESYNC|GROOVE_DRIFT,1|2|64|80|81,,5
NIP-6d58d069cce1d1bab037,121,6,27,Single Coil,ACC3,GUITAR,FACTORY_CORPUS,GOOD,CONTEXT_DEPENDENT,EXACT_EVIDENCE_ANALYZE,False,ONSET_SPIKE|GATE_TRUNCATE|CHORD_DESYNC|GROOVE_DRIFT,1|2|64|80|81,,5
NIP-5560381bd74cf4647a74,121,6,28,Clean Mute Gtr,ACC2,GUITAR,FACTORY_CORPUS,FALLBACK,UNKNOWN,EXACT_EVIDENCE_ANALYZE,False,ONSET_SPIKE|GATE_TRUNCATE|CHORD_DESYNC|GROOVE_DRIFT,1|2|64|80|81,,5
NIP-20ae2280a76aae4f4864,121,6,33,Finger Bass 2,BASS,BASS,FACTORY_CORPUS,STRONG,CONTEXT_DEPENDENT,EXACT_EVIDENCE_ANALYZE,False,ONSET_SPIKE|GATE_TRUNCATE|GROOVE_DRIFT,1|2|64|80|81,,4
NIP-ba5c08219b541ba84e5b,121,6,34,Bass&Gtr Double,BASS,BASS,FACTORY_CORPUS,FALLBACK,UNKNOWN,EXACT_EVIDENCE_ANALYZE,False,ONSET_SPIKE|GATE_TRUNCATE|GROOVE_DRIFT,1|2|64|80|81,,6
NIP-06e5bf2606e1e2e18a40,121,6,35,Woofer Pusher B.,BASS,BASS,FACTORY_CORPUS,STRONG,CONTEXT_DEPENDENT,EXACT_EVIDENCE_ANALYZE,False,ONSET_SPIKE|GATE_TRUNCATE|GROOVE_DRIFT,1|2|64|80|81,,5
NIP-bb181142f87fae62d243,121,6,39,Nasty Bass,BASS,BASS,FACTORY_CORPUS,FALLBACK,UNKNOWN,EXACT_EVIDENCE_ANALYZE,False,ONSET_SPIKE|GATE_TRUNCATE|GROOVE_DRIFT,1|2|64|80|81,,5
NIP-27fc79f0daf82e9ab7cd,121,6,48,N Strings,ACC5,ENSEMBLE,FACTORY_CORPUS,FALLBACK,UNKNOWN,EXACT_EVIDENCE_ANALYZE,False,ONSET_SPIKE|GATE_TRUNCATE|GATE_OVERLAP|CHORD_DESYNC,1|2|64|80|81,,6
NIP-8ecfeb582169c64cb4e1,121,6,49,Movie Strings 2,ACC4,ENSEMBLE,FACTORY_CORPUS,STRONG,CONTEXT_DEPENDENT,EXACT_EVIDENCE_ANALYZE,False,ONSET_SPIKE|GATE_TRUNCATE|GATE_OVERLAP|CHORD_DESYNC,1|2|64|80|81,,5
NIP-43800c441e17f41cceb6,121,6,56,Dual Trumpets,ACC3,BRASS,FACTORY_CORPUS,FALLBACK,UNKNOWN,EXACT_EVIDENCE_ANALYZE,False,ONSET_SPIKE|GATE_TRUNCATE,1|2|64|80|81|aftertouch|pitch_bend,,5
NIP-dbb4925cbdb7065d9550,121,6,57,Trombone Expr. 1,ACC4,BRASS,FACTORY_CORPUS,LIMITED,UNKNOWN,EXACT_EVIDENCE_ANALYZE,False,ONSET_SPIKE|GATE_TRUNCATE,1|2|64|80|81|aftertouch|pitch_bend,,5
NIP-16a352273a1067622013,121,6,73,Flute Muted,ACC3,PIPE,FACTORY_CORPUS,FALLBACK,UNKNOWN,EXACT_EVIDENCE_ANALYZE,False,ONSET_SPIKE|GATE_TRUNCATE,1|2|64|80|81|aftertouch|pitch_bend,,6
NIP-449c0e0fe7629fb276b0,121,6,80,Sine Wave,ACC3,SYNTH_LEAD,FACTORY_CORPUS,FALLBACK,UNKNOWN,EXACT_EVIDENCE_ANALYZE,False,ONSET_SPIKE|GATE_TRUNCATE,1|2|64|80|81|aftertouch|pitch_bend,,4
NIP-da26951ecf1094629992,121,6,81,Octo Lead,ACC4,SYNTH_LEAD,FACTORY_CORPUS,FALLBACK,UNKNOWN,EXACT_EVIDENCE_ANALYZE,False,ONSET_SPIKE|GATE_TRUNCATE,1|2|64|80|81|aftertouch|pitch_bend,,6
NIP-f54c1223ac891090fdc0,121,6,89,Dark Pad,ACC4,SYNTH_PAD,FACTORY_CORPUS,STRONG,CONTEXT_DEPENDENT,EXACT_EVIDENCE_ANALYZE,False,GATE_TRUNCATE|GATE_OVERLAP|CHORD_DESYNC,1|2|64|80|81,,5
NIP-ed38b5a2e6604e9529f2,121,6,90,Cross Sweep,ACC4,SYNTH_PAD,FACTORY_CORPUS,FALLBACK,UNKNOWN,EXACT_EVIDENCE_ANALYZE,False,GATE_TRUNCATE|GATE_OVERLAP|CHORD_DESYNC,1|2|64|80|81,,5
NIP-30f90b9d72a904b1783f,121,6,98,Bell Pad,ACC3,SYNTH_PAD,FACTORY_CORPUS,FALLBACK,UNKNOWN,EXACT_EVIDENCE_ANALYZE,False,GATE_TRUNCATE|GATE_OVERLAP|CHORD_DESYNC,1|2|64|80|81,,6
NIP-7260396038a834f1fe57,121,6,126,Stadium,ACC1,SFX,FACTORY_CORPUS,FALLBACK,UNKNOWN,PRESERVE,True,,,,5
NIP-544fe657bba86d479525,121,7,0,Piano & Strings,ACC1,PIANO,FACTORY_CORPUS,LIMITED,UNKNOWN,EXACT_EVIDENCE_ANALYZE,False,ONSET_SPIKE|GATE_TRUNCATE|GATE_OVERLAP,64,,6
NIP-9b1502445c0b70b8cb20,121,7,2,Grand&FM Stack,ACC1,PIANO,FACTORY_CORPUS,GOOD,CONTEXT_DEPENDENT,EXACT_EVIDENCE_ANALYZE,False,ONSET_SPIKE|GATE_TRUNCATE|GATE_OVERLAP,64,,4
NIP-55dab49ae29d1ff10d20,121,7,4,Studio EP,ACC4,PIANO,FACTORY_CORPUS,GOOD,MODERATE,EXACT_EVIDENCE_ANALYZE,False,ONSET_SPIKE|GATE_TRUNCATE|GATE_OVERLAP,64,,5
NIP-7dc8bf8c2cd14b672f2d,121,7,19,Positive Organ,ACC1,ORGAN,FACTORY_CORPUS,FALLBACK,UNKNOWN,EXACT_EVIDENCE_ANALYZE,False,ONSET_SPIKE|GATE_TRUNCATE|GATE_OVERLAP,,,6
NIP-32b448708f7299ed0094,121,7,25,Finger Key Off,ACC2,GUITAR,FACTORY_CORPUS,FALLBACK,UNKNOWN,EXACT_EVIDENCE_ANALYZE,False,ONSET_SPIKE|GATE_TRUNCATE|CHORD_DESYNC|GROOVE_DRIFT,1|2|64|80|81,,6
NIP-43dc2c9cd68bb9c42cd0,121,7,26,Jazz Guitar DNC,MANUAL_ONLY,GUITAR,OFFICIAL_MANUAL_ONLY,NO_FACTORY_SUPPORT,NO_FACTORY_SUPPORT,PRESERVE,True,,1|2|64|80|81,,22
NIP-c974ee3c97f52835c9ac,121,7,27,New Stra.Guitar,ACC2,GUITAR,FACTORY_CORPUS,GOOD,INSUFFICIENT_SPLIT_SUPPORT,EXACT_EVIDENCE_ANALYZE,False,ONSET_SPIKE|GATE_TRUNCATE|CHORD_DESYNC|GROOVE_DRIFT,1|2|64|80|81,,5
NIP-502a8fda3fbb57a9834b,121,7,30,Solo Dist.Guitar,ACC5,GUITAR,FACTORY_CORPUS,FALLBACK,UNKNOWN,EXACT_EVIDENCE_ANALYZE,False,ONSET_SPIKE|GATE_TRUNCATE|CHORD_DESYNC|GROOVE_DRIFT,1|2|64|80|81,,4
NIP-4c279ffe9b9f0a2357d9,121,7,32,Acous. Bass RX,BASS,BASS,FACTORY_CORPUS,GOOD,MODERATE,PRESERVE,True,,1|2|64|80|81,,5
NIP-3d0dcb3c2cdfd5d1c4f3,121,7,33,Finger Bass 3,BASS,BASS,FACTORY_CORPUS,STRONG,MODERATE,EXACT_PROXY_SUGGEST,False,ONSET_SPIKE|GATE_TRUNCATE|GROOVE_DRIFT,1|2|64|80|81,drum_anchor_timing,4
NIP-d0aae21edfedf83f4849,121,7,48,Arco Strings,ACC5,ENSEMBLE,FACTORY_CORPUS,STRONG,CONTEXT_DEPENDENT,EXACT_EVIDENCE_ANALYZE,False,ONSET_SPIKE|GATE_TRUNCATE|GATE_OVERLAP|CHORD_DESYNC,1|2|64|80|81,,5
NIP-050d199eab206850bfc9,121,7,49,Movie Str.1 DNC,MANUAL_ONLY,ENSEMBLE,OFFICIAL_MANUAL_ONLY,NO_FACTORY_SUPPORT,NO_FACTORY_SUPPORT,PRESERVE,True,,1|2|64|80|81,,22
NIP-ea297a223db545892deb,121,7,57,Trombone Expr. 2,ACC1,BRASS,FACTORY_CORPUS,FALLBACK,UNKNOWN,EXACT_EVIDENCE_ANALYZE,False,ONSET_SPIKE|GATE_TRUNCATE,1|2|64|80|81|aftertouch|pitch_bend,,6
NIP-4761b5008ed0371f28ff,121,7,61,Trpts & Brass,ACC4,BRASS,FACTORY_CORPUS,LIMITED,UNKNOWN,EXACT_EVIDENCE_ANALYZE,False,ONSET_SPIKE|GATE_TRUNCATE,1|2|64|80|81|aftertouch|pitch_bend,,5
NIP-822392329e75ce0e2a45,121,7,71,Folk Clarinet,ACC3,REED,FACTORY_CORPUS,FALLBACK,UNKNOWN,EXACT_EVIDENCE_ANALYZE,False,ONSET_SPIKE|GATE_TRUNCATE,1|2|64|80|81|aftertouch|pitch_bend,,6
NIP-999135b73de7e412b0fa,121,7,73,Wooden Flute,ACC3,PIPE,FACTORY_CORPUS,FALLBACK,UNKNOWN,EXACT_EVIDENCE_ANALYZE,False,ONSET_SPIKE|GATE_TRUNCATE,1|2|64|80|81|aftertouch|pitch_bend,,6
NIP-ad3b88d7d6df2af36ef2,121,7,91,Fresh Breath,ACC5,SYNTH_PAD,FACTORY_CORPUS,LIMITED,UNKNOWN,EXACT_EVIDENCE_ANALYZE,False,GATE_TRUNCATE|GATE_OVERLAP|CHORD_DESYNC,1|2|64|80|81,,6
NIP-fd49bb07b495b84ab181,121,8,0,Rock Piano,ACC2,PIANO,FACTORY_CORPUS,GOOD,CONTEXT_DEPENDENT,EXACT_EVIDENCE_ANALYZE,False,ONSET_SPIKE|GATE_TRUNCATE|GATE_OVERLAP,64,,4
NIP-8407dfc1a5328de1a85b,121,8,4,R&B E. Piano,ACC1,PIANO,FACTORY_CORPUS,LIMITED,UNKNOWN,EXACT_EVIDENCE_ANALYZE,False,ONSET_SPIKE|GATE_TRUNCATE|GATE_OVERLAP,64,,6
NIP-c5969a35a021e5bac822,121,8,5,Hybrid EP,ACC1,PIANO,FACTORY_CORPUS,FALLBACK,UNKNOWN,EXACT_EVIDENCE_ANALYZE,False,ONSET_SPIKE|GATE_TRUNCATE|GATE_OVERLAP,64,,7
NIP-38bb817506fc4bed3cd7,121,8,16,Jazz Organ,ACC3,ORGAN,FACTORY_CORPUS,FALLBACK,UNKNOWN,EXACT_EVIDENCE_ANALYZE,False,ONSET_SPIKE|GATE_TRUNCATE|GATE_OVERLAP,,,6
NIP-b1d65a7b7399a26ed988,121,8,21,Fisa Master,ACC5,ORGAN,FACTORY_CORPUS,FALLBACK,UNKNOWN,EXACT_EVIDENCE_ANALYZE,False,ONSET_SPIKE|GATE_TRUNCATE|GATE_OVERLAP,,,6
NIP-3a8b2f65b2c31cbcd7b3,121,8,24,Nylon Gtr Pro1,ACC1,GUITAR,FACTORY_CORPUS,GOOD,CONTEXT_DEPENDENT,EXACT_EVIDENCE_ANALYZE,False,ONSET_SPIKE|GATE_TRUNCATE|CHORD_DESYNC|GROOVE_DRIFT,1|2|64|80|81,,4
NIP-474695f76b4cfb1fb874,121,8,28,Clean Funk,ACC2,GUITAR,FACTORY_CORPUS,LIMITED,UNKNOWN,EXACT_EVIDENCE_ANALYZE,False,ONSET_SPIKE|GATE_TRUNCATE|CHORD_DESYNC|GROOVE_DRIFT,1|2|64|80|81,,6
NIP-d432a998d499db10ef48,121,8,30,Stereo Dist.Gtr,ACC5,GUITAR,FACTORY_CORPUS,GOOD,CONTEXT_DEPENDENT,EXACT_EVIDENCE_ANALYZE,False,ONSET_SPIKE|GATE_TRUNCATE|CHORD_DESYNC|GROOVE_DRIFT,1|2|64|80|81,,5
NIP-94d65a13cc92a30d7a78,121,8,33,Chorus Fing.Bass,BASS,BASS,FACTORY_CORPUS,FALLBACK,UNKNOWN,EXACT_EVIDENCE_ANALYZE,False,ONSET_SPIKE|GATE_TRUNCATE|GROOVE_DRIFT,1|2|64|80|81,,5
NIP-682c9f41fbc254899dc7,121,8,34,Pick Bass 2,BASS,BASS,FACTORY_CORPUS,FALLBACK,UNKNOWN,EXACT_EVIDENCE_ANALYZE,False,ONSET_SPIKE|GATE_TRUNCATE|GROOVE_DRIFT,1|2|64|80|81,,6
NIP-36818edeb633e927e4d5,121,8,49,Movie Str.2 DNC,MANUAL_ONLY,ENSEMBLE,OFFICIAL_MANUAL_ONLY,NO_FACTORY_SUPPORT,NO_FACTORY_SUPPORT,PRESERVE,True,,1|2|64|80|81,,22
NIP-855c24380c135ab8eba6,121,8,57,Trombone Vel. 1,ACC5,BRASS,FACTORY_CORPUS,FALLBACK,UNKNOWN,EXACT_EVIDENCE_ANALYZE,False,ONSET_SPIKE|GATE_TRUNCATE,1|2|64|80|81|aftertouch|pitch_bend,,6
NIP-28c7830beb4b0a7dead6,121,8,65,Alto Sax Pro,ACC3,REED,FACTORY_CORPUS,FALLBACK,UNKNOWN,EXACT_EVIDENCE_ANALYZE,False,ONSET_SPIKE|GATE_TRUNCATE,1|2|64|80|81|aftertouch|pitch_bend,,5
NIP-80e668a65a21566a0df8,121,8,81,Phat Saw Lead,ACC3,SYNTH_LEAD,FACTORY_CORPUS,FALLBACK,UNKNOWN,EXACT_EVIDENCE_ANALYZE,False,ONSET_SPIKE|GATE_TRUNCATE,1|2|64|80|81|aftertouch|pitch_bend,,6
NIP-86772163ec33563d7324,121,8,89,Analog Pad 1,ACC3,SYNTH_PAD,FACTORY_CORPUS,GOOD,CONTEXT_DEPENDENT,EXACT_EVIDENCE_ANALYZE,False,GATE_TRUNCATE|GATE_OVERLAP|CHORD_DESYNC,1|2|64|80|81,,5
NIP-4f395e25ee77be5bb4ca,121,8,90,Noisy Stabb,ACC3,SYNTH_PAD,FACTORY_CORPUS,FALLBACK,UNKNOWN,EXACT_EVIDENCE_ANALYZE,False,GATE_TRUNCATE|GATE_OVERLAP|CHORD_DESYNC,1|2|64|80|81,,4
NIP-4194dca942033677cde1,121,9,0,Grand&MovingPad,ACC1,SYNTH_PAD,FACTORY_CORPUS,LIMITED,UNKNOWN,EXACT_EVIDENCE_ANALYZE,False,GATE_TRUNCATE|GATE_OVERLAP|CHORD_DESYNC,1|2|64|80|81,,6
NIP-529fd77f2dc21eff264a,121,9,4,Thin E. Piano,ACC1,PIANO,FACTORY_CORPUS,LIMITED,UNKNOWN,EXACT_EVIDENCE_ANALYZE,False,ONSET_SPIKE|GATE_TRUNCATE|GATE_OVERLAP,64,,5
NIP-487aa4a70b8eb5bb97b3,121,9,18,BX3 Jazz Pc. V.,ACC5,ORGAN,FACTORY_CORPUS,FALLBACK,UNKNOWN,EXACT_EVIDENCE_ANALYZE,False,ONSET_SPIKE|GATE_TRUNCATE|GATE_OVERLAP,,,6
NIP-22289bff98ac59f428f3,121,9,19,Pipe Tutti 3,ACC2,ORGAN,FACTORY_CORPUS,FALLBACK,UNKNOWN,EXACT_EVIDENCE_ANALYZE,False,ONSET_SPIKE|GATE_TRUNCATE|GATE_OVERLAP,,,6
NIP-1827dee4d403f1b6559f,121,9,24,Brazilian Guitar,ACC2,GUITAR,FACTORY_CORPUS,GOOD,CONTEXT_DEPENDENT,EXACT_EVIDENCE_ANALYZE,False,ONSET_SPIKE|GATE_TRUNCATE|CHORD_DESYNC|GROOVE_DRIFT,1|2|64|80|81,,4
NIP-569cea08be2172e21263,121,9,25,Steel Folk Gtr,ACC2,GUITAR,FACTORY_CORPUS,FALLBACK,UNKNOWN,EXACT_EVIDENCE_ANALYZE,False,ONSET_SPIKE|GATE_TRUNCATE|CHORD_DESYNC|GROOVE_DRIFT,1|2|64|80|81,,4
NIP-85c59070cdabc8b9143d,121,9,27,L&R E.Guitar 1,ACC1,GUITAR,FACTORY_CORPUS,LIMITED,UNKNOWN,EXACT_EVIDENCE_ANALYZE,False,ONSET_SPIKE|GATE_TRUNCATE|CHORD_DESYNC|GROOVE_DRIFT,1|2|64|80|81,,5
NIP-2ec9d1aa874f52c585f7,121,9,30,Dist. Guitar RX1,ACC1,GUITAR,FACTORY_CORPUS,GOOD,INSUFFICIENT_SPLIT_SUPPORT,PRESERVE,True,,1|2|64|80|81,,5
NIP-9c582651aad58ae9a7b7,121,9,32,Jazz Bass,BASS,BASS,FACTORY_CORPUS,FALLBACK,UNKNOWN,EXACT_EVIDENCE_ANALYZE,False,ONSET_SPIKE|GATE_TRUNCATE|GROOVE_DRIFT,1|2|64|80|81,,5
NIP-8789f85a1f9071e5b725,121,9,33,Bright Finger B.,BASS,BASS,FACTORY_CORPUS,GOOD,CONTEXT_DEPENDENT,EXACT_EVIDENCE_ANALYZE,False,ONSET_SPIKE|GATE_TRUNCATE|GROOVE_DRIFT,1|2|64|80|81,,4
NIP-c6e41c2f430f61e5b8cd,121,9,38,Digi Bass 1,BASS,BASS,FACTORY_CORPUS,FALLBACK,UNKNOWN,EXACT_EVIDENCE_ANALYZE,False,ONSET_SPIKE|GATE_TRUNCATE|GROOVE_DRIFT,1|2|64|80|81,,6
NIP-008c8b664e611e9a3102,121,9,48,Strings Quartet,ACC4,ENSEMBLE,FACTORY_CORPUS,FALLBACK,UNKNOWN,EXACT_EVIDENCE_ANALYZE,False,ONSET_SPIKE|GATE_TRUNCATE|GATE_OVERLAP|CHORD_DESYNC,1|2|64|80|81,,6
NIP-6e65cacad84683b9e872,121,9,52,Oh-Ah Voices,ACC5,ENSEMBLE,FACTORY_CORPUS,GOOD,CONTEXT_DEPENDENT,EXACT_EVIDENCE_ANALYZE,False,ONSET_SPIKE|GATE_TRUNCATE|GATE_OVERLAP|CHORD_DESYNC,1|2|64|80|81,,6
NIP-58f1f57b61759a7299b7,121,9,57,Trombone Vel. 2,ACC2,BRASS,FACTORY_CORPUS,FALLBACK,UNKNOWN,EXACT_EVIDENCE_ANALYZE,False,ONSET_SPIKE|GATE_TRUNCATE,1|2|64|80|81|aftertouch|pitch_bend,,6
NIP-05769fc4945b0f2d984f,121,9,61,Trumpet Ens.,ACC5,BRASS,FACTORY_CORPUS,LIMITED,UNKNOWN,EXACT_EVIDENCE_ANALYZE,False,ONSET_SPIKE|GATE_TRUNCATE,1|2|64|80|81|aftertouch|pitch_bend,,5
NIP-075aba57cdf2b37d063d,121,9,66,Jazz Tenor 1,ACC5,REED,FACTORY_CORPUS,FALLBACK,UNKNOWN,EXACT_EVIDENCE_ANALYZE,False,ONSET_SPIKE|GATE_TRUNCATE,1|2|64|80|81|aftertouch|pitch_bend,,5
NIP-01d9a1a7214bd96684f4,121,9,73,Flute 2,ACC1,PIPE,FACTORY_CORPUS,FALLBACK,UNKNOWN,EXACT_EVIDENCE_ANALYZE,False,ONSET_SPIKE|GATE_TRUNCATE,1|2|64|80|81|aftertouch|pitch_bend,,7
NIP-9bbff786384d7d33fa61,121,9,80,Gliding Square,ACC3,SYNTH_LEAD,FACTORY_CORPUS,FALLBACK,UNKNOWN,EXACT_EVIDENCE_ANALYZE,False,ONSET_SPIKE|GATE_TRUNCATE,1|2|64|80|81|aftertouch|pitch_bend,,8
NIP-033d4ac082e806556320,121,9,81,Glide Lead,ACC4,SYNTH_LEAD,FACTORY_CORPUS,FALLBACK,UNKNOWN,EXACT_EVIDENCE_ANALYZE,False,ONSET_SPIKE|GATE_TRUNCATE,1|2|64|80|81|aftertouch|pitch_bend,,5
NIP-f649396463a1fbc99d38,121,9,90,Mega Synth,ACC4,SYNTH_PAD,FACTORY_CORPUS,FALLBACK,UNKNOWN,EXACT_EVIDENCE_ANALYZE,False,GATE_TRUNCATE|GATE_OVERLAP|CHORD_DESYNC,1|2|64|80|81,,6
NIP-555a5dec69dc61d6d442,121,9,91,Full Vox Pad,ACC2,SYNTH_PAD,FACTORY_CORPUS,FALLBACK,UNKNOWN,EXACT_EVIDENCE_ANALYZE,False,GATE_TRUNCATE|GATE_OVERLAP|CHORD_DESYNC,1|2|64|80|81,,6
NIP-a4f468f541ad03f32a71,121,10,0,Grand Piano RX,ACC1,PIANO,FACTORY_CORPUS,GOOD,CONTEXT_DEPENDENT,PRESERVE,True,,64,,4
NIP-57f87dd770394f74b5d4,121,10,4,Dyno Tine EP 1,ACC2,PIANO,FACTORY_CORPUS,GOOD,MODERATE,EXACT_EVIDENCE_ANALYZE,False,ONSET_SPIKE|GATE_TRUNCATE|GATE_OVERLAP,64,,6
NIP-bd4b408c3a7223740bdf,121,10,5,Phantom Tine,ACC1,PIANO,FACTORY_CORPUS,FALLBACK,UNKNOWN,EXACT_EVIDENCE_ANALYZE,False,ONSET_SPIKE|GATE_TRUNCATE|GATE_OVERLAP,64,,5
NIP-81eb417c125027ad002a,121,10,16,BX3 Rock 1 V.,ACC3,ORGAN,FACTORY_CORPUS,FALLBACK,UNKNOWN,EXACT_EVIDENCE_ANALYZE,False,ONSET_SPIKE|GATE_TRUNCATE|GATE_OVERLAP,,,6
NIP-04091e8e30cd1bce59b2,121,10,18,Jimmy Organ V.,ACC2,ORGAN,FACTORY_CORPUS,LIMITED,UNKNOWN,EXACT_EVIDENCE_ANALYZE,False,ONSET_SPIKE|GATE_TRUNCATE|GATE_OVERLAP,,,6
NIP-4b209922a89dface1f8c,121,10,25,Mandolin Key Off,ACC4,GUITAR,FACTORY_CORPUS,LIMITED,UNKNOWN,EXACT_EVIDENCE_ANALYZE,False,ONSET_SPIKE|GATE_TRUNCATE|CHORD_DESYNC|GROOVE_DRIFT,1|2|64|80|81,,5
NIP-2c3d58a3b440ab905961,121,10,28,Clean Funk RX1,ACC2,GUITAR,FACTORY_CORPUS,STRONG,CONTEXT_DEPENDENT,PRESERVE,True,,1|2|64|80|81,,4
NIP-811e3c846e336ec5e03f,121,10,30,Dist. Guitar RX2,ACC5,GUITAR,FACTORY_CORPUS,GOOD,INSUFFICIENT_SPLIT_SUPPORT,PRESERVE,True,,1|2|64|80|81,,5
NIP-8fa6133cb8b957acb92b,121,10,34,Picked Bass RX,BASS,BASS,FACTORY_CORPUS,LIMITED,UNKNOWN,PRESERVE,True,,1|2|64|80|81,,4
NIP-339fb121ae43379a9076,121,10,48,Symphonic Bows,ACC4,ENSEMBLE,FACTORY_CORPUS,FALLBACK,UNKNOWN,EXACT_EVIDENCE_ANALYZE,False,ONSET_SPIKE|GATE_TRUNCATE|GATE_OVERLAP|CHORD_DESYNC,1|2|64|80|81,,6
NIP-9d5b4da92ab0257d185b,121,10,52,Slow Choir,ACC2,ENSEMBLE,FACTORY_CORPUS,FALLBACK,UNKNOWN,EXACT_EVIDENCE_ANALYZE,False,ONSET_SPIKE|GATE_TRUNCATE|GATE_OVERLAP|CHORD_DESYNC,1|2|64|80|81,,6
NIP-10aed75376d4f72d777e,121,10,56,Trumpet Pro 1,ACC5,BRASS,FACTORY_CORPUS,GOOD,CONTEXT_DEPENDENT,EXACT_EVIDENCE_ANALYZE,False,ONSET_SPIKE|GATE_TRUNCATE,1|2|64|80|81|aftertouch|pitch_bend,,5
NIP-d1295f36909f03a19b4b,121,10,57,Trombone Vel. 3,ACC1,BRASS,FACTORY_CORPUS,FALLBACK,UNKNOWN,EXACT_EVIDENCE_ANALYZE,False,ONSET_SPIKE|GATE_TRUNCATE,1|2|64|80|81|aftertouch|pitch_bend,,7
NIP-abc9bd7413fb80e6a5da,121,10,61,Trombone Ens.,ACC4,BRASS,FACTORY_CORPUS,FALLBACK,UNKNOWN,EXACT_EVIDENCE_ANALYZE,False,ONSET_SPIKE|GATE_TRUNCATE,1|2|64|80|81|aftertouch|pitch_bend,,5
NIP-6fa361c3ad8203f61daa,121,10,81,Fire Wave,ACC2,SYNTH_LEAD,FACTORY_CORPUS,FALLBACK,UNKNOWN,EXACT_EVIDENCE_ANALYZE,False,ONSET_SPIKE|GATE_TRUNCATE,1|2|64|80|81|aftertouch|pitch_bend,,6
NIP-411bcdc85130632b5a98,121,10,90,Tecno Phonic,ACC2,SYNTH_PAD,FACTORY_CORPUS,LIMITED,UNKNOWN,EXACT_EVIDENCE_ANALYZE,False,GATE_TRUNCATE|GATE_OVERLAP|CHORD_DESYNC,1|2|64|80|81,,5
NIP-35e368909e6534bbb964,121,11,4,Club E. Piano,ACC2,PIANO,FACTORY_CORPUS,STRONG,CONTEXT_DEPENDENT,EXACT_EVIDENCE_ANALYZE,False,ONSET_SPIKE|GATE_TRUNCATE|GATE_OVERLAP,64,,5
NIP-f086ce5070afa1e8d1e9,121,11,17,Perc. Organ 5 V.,ACC2,ORGAN,FACTORY_CORPUS,FALLBACK,UNKNOWN,EXACT_EVIDENCE_ANALYZE,False,ONSET_SPIKE|GATE_TRUNCATE|GATE_OVERLAP,,,7
NIP-a5b23159a1ea2987ad0d,121,11,21,Sweet Musette,ACC3,ACCORDION_REED,FACTORY_CORPUS,FALLBACK,UNKNOWN,EXACT_EVIDENCE_ANALYZE,False,ONSET_SPIKE|GATE_TRUNCATE,1|2|64|80|81|aftertouch|pitch_bend,,5
NIP-f186c382bcc23049c077,121,11,24,Nylon Gtr Pro2,ACC4,GUITAR,FACTORY_CORPUS,GOOD,INSUFFICIENT_SPLIT_SUPPORT,EXACT_EVIDENCE_ANALYZE,False,ONSET_SPIKE|GATE_TRUNCATE|CHORD_DESYNC|GROOVE_DRIFT,1|2|64|80|81,,4
NIP-23fe031488834377fe70,121,11,25,Mandolin Trem.,ACC5,GUITAR,FACTORY_CORPUS,FALLBACK,UNKNOWN,EXACT_EVIDENCE_ANALYZE,False,ONSET_SPIKE|GATE_TRUNCATE|CHORD_DESYNC|GROOVE_DRIFT,1|2|64|80|81,,7
NIP-11a397bcf9f42b5b484a,121,11,27,Country Nu,ACC1,GUITAR,FACTORY_CORPUS,FALLBACK,UNKNOWN,EXACT_EVIDENCE_ANALYZE,False,ONSET_SPIKE|GATE_TRUNCATE|CHORD_DESYNC|GROOVE_DRIFT,1|2|64|80|81,,6
NIP-d1f39bd0978c96f331b3,121,11,28,Clean Funk RX2,ACC2,GUITAR,FACTORY_CORPUS,STRONG,CONTEXT_DEPENDENT,PRESERVE,True,,1|2|64|80|81,,4
NIP-fd597770372f3ada1f15,121,11,33,More mid! Bass,BASS,BASS,FACTORY_CORPUS,LIMITED,UNKNOWN,EXACT_EVIDENCE_ANALYZE,False,ONSET_SPIKE|GATE_TRUNCATE|GROOVE_DRIFT,1|2|64|80|81,,5
NIP-cf8d682043dd6c0a31f5,121,11,38,Digi Bass 3,BASS,BASS,FACTORY_CORPUS,LIMITED,UNKNOWN,EXACT_EVIDENCE_ANALYZE,False,ONSET_SPIKE|GATE_TRUNCATE|GROOVE_DRIFT,1|2|64|80|81,,4
NIP-a0f023c6ce328494b426,121,11,48,Ensemble & Solo,ACC4,ENSEMBLE,FACTORY_CORPUS,FALLBACK,UNKNOWN,EXACT_EVIDENCE_ANALYZE,False,ONSET_SPIKE|GATE_TRUNCATE|GATE_OVERLAP|CHORD_DESYNC,1|2|64|80|81,,5
NIP-6e8ec1e6906e8fe920a5,121,11,56,Trumpet Pro 2,ACC5,BRASS,FACTORY_CORPUS,FALLBACK,UNKNOWN,EXACT_EVIDENCE_ANALYZE,False,ONSET_SPIKE|GATE_TRUNCATE,1|2|64|80|81|aftertouch|pitch_bend,,6
NIP-57d44fb45cc43b018b61,121,11,61,Trombones,ACC4,BRASS,FACTORY_CORPUS,GOOD,CONTEXT_DEPENDENT,EXACT_EVIDENCE_ANALYZE,False,ONSET_SPIKE|GATE_TRUNCATE,1|2|64|80|81|aftertouch|pitch_bend,,5
NIP-b7609aa889a138716d16,121,11,65,Cool Sax Ens.,ACC3,REED,FACTORY_CORPUS,LIMITED,UNKNOWN,EXACT_EVIDENCE_ANALYZE,False,ONSET_SPIKE|GATE_TRUNCATE,1|2|64|80|81|aftertouch|pitch_bend,,5
NIP-5ad48dbb8a12f30b4e17,121,11,73,Flute DNC,MANUAL_ONLY,PIPE,OFFICIAL_MANUAL_ONLY,NO_FACTORY_SUPPORT,NO_FACTORY_SUPPORT,PRESERVE,True,,1|2|64|80|81|aftertouch|pitch_bend,,22
NIP-d92ffb208e625570bfee,121,11,81,Rezbo,ACC3,SYNTH_LEAD,FACTORY_CORPUS,FALLBACK,UNKNOWN,EXACT_EVIDENCE_ANALYZE,False,ONSET_SPIKE|GATE_TRUNCATE,1|2|64|80|81|aftertouch|pitch_bend,,5
NIP-27d5146ef583fbfde03e,121,11,89,Vintage Pad,ACC3,SYNTH_PAD,FACTORY_CORPUS,FALLBACK,UNKNOWN,EXACT_EVIDENCE_ANALYZE,False,GATE_TRUNCATE|GATE_OVERLAP|CHORD_DESYNC,1|2|64|80|81,,5
NIP-2c14d885f6dff3667f0a,121,11,91,Fresh Air 2,ACC4,SYNTH_PAD,FACTORY_CORPUS,STRONG,CONTEXT_DEPENDENT,EXACT_EVIDENCE_ANALYZE,False,GATE_TRUNCATE|GATE_OVERLAP|CHORD_DESYNC,1|2|64|80|81,,6
NIP-20e43a98b9461f3bf33b,121,12,24,Nylon Gtr RX1,ACC2,GUITAR,FACTORY_CORPUS,GOOD,INSUFFICIENT_SPLIT_SUPPORT,PRESERVE,True,,1|2|64|80|81,,4
NIP-6e17d9a09e1c44e6adf9,121,12,25,Reso. Guitar,ACC3,GUITAR,FACTORY_CORPUS,FALLBACK,UNKNOWN,EXACT_EVIDENCE_ANALYZE,False,ONSET_SPIKE|GATE_TRUNCATE|CHORD_DESYNC|GROOVE_DRIFT,1|2|64|80|81,,5
NIP-1c9fae71e7df172db631,121,12,27,Funky Wah RX,ACC2,GUITAR,FACTORY_CORPUS,GOOD,CONTEXT_DEPENDENT,PRESERVE,True,,1|2|64|80|81,,4
NIP-13f98b4b77339d41f9d5,121,12,28,Funk Stein RX1,ACC2,GUITAR,FACTORY_CORPUS,GOOD,INSUFFICIENT_SPLIT_SUPPORT,PRESERVE,True,,1|2|64|80|81,,4
NIP-7d0bc5754d1c9e466b5c,121,12,33,Finger Slap 1,BASS,BASS,FACTORY_CORPUS,FALLBACK,UNKNOWN,EXACT_EVIDENCE_ANALYZE,False,ONSET_SPIKE|GATE_TRUNCATE|GROOVE_DRIFT,1|2|64|80|81,,5
NIP-f3a14490e53dc678c316,121,12,48,Chamber Strings,ACC3,ENSEMBLE,FACTORY_CORPUS,FALLBACK,UNKNOWN,EXACT_EVIDENCE_ANALYZE,False,ONSET_SPIKE|GATE_TRUNCATE|GATE_OVERLAP|CHORD_DESYNC,1|2|64|80|81,,6
NIP-2f406adc0f48c895cb04,121,12,52,Choir Light,ACC3,ENSEMBLE,FACTORY_CORPUS,FALLBACK,UNKNOWN,EXACT_EVIDENCE_ANALYZE,False,ONSET_SPIKE|GATE_TRUNCATE|GATE_OVERLAP|CHORD_DESYNC,1|2|64|80|81,,6
NIP-1731d7254c999ff0991a,121,12,56,Sweet FlugelHorn,ACC2,BRASS,FACTORY_CORPUS,FALLBACK,UNKNOWN,EXACT_EVIDENCE_ANALYZE,False,ONSET_SPIKE|GATE_TRUNCATE,1|2|64|80|81|aftertouch|pitch_bend,,6
NIP-2c6af121dd6465c0f0f3,121,12,65,Alto Sax DNC,MANUAL_ONLY,REED,OFFICIAL_MANUAL_ONLY,NO_FACTORY_SUPPORT,NO_FACTORY_SUPPORT,PRESERVE,True,,1|2|64|80|81|aftertouch|pitch_bend,,22
NIP-51c20e703f479cdca048,121,12,66,Tenor Sax DNC,MANUAL_ONLY,REED,OFFICIAL_MANUAL_ONLY,NO_FACTORY_SUPPORT,NO_FACTORY_SUPPORT,PRESERVE,True,,1|2|64|80|81|aftertouch|pitch_bend,,22
NIP-8387d23f6138830dc5bf,121,12,89,OB Pad,ACC1,SYNTH_PAD,FACTORY_CORPUS,FALLBACK,UNKNOWN,EXACT_EVIDENCE_ANALYZE,False,GATE_TRUNCATE|GATE_OVERLAP|CHORD_DESYNC,1|2|64|80|81,,5
NIP-f28543e6a6db3f184b39,121,12,91,Pop Synth Pad 2,ACC1,SYNTH_PAD,FACTORY_CORPUS,FALLBACK,UNKNOWN,EXACT_EVIDENCE_ANALYZE,False,GATE_TRUNCATE|GATE_OVERLAP|CHORD_DESYNC,1|2|64|80|81,,6
NIP-384c30bb0d2fcfa81c4f,121,13,5,White Pad EP,ACC1,SYNTH_PAD,FACTORY_CORPUS,GOOD,CONTEXT_DEPENDENT,EXACT_EVIDENCE_ANALYZE,False,GATE_TRUNCATE|GATE_OVERLAP|CHORD_DESYNC,1|2|64|80|81,,5
NIP-d2d1d848bf7d333348d9,121,13,16,Gospel Organ V.,ACC3,ORGAN,FACTORY_CORPUS,STRONG,CONTEXT_DEPENDENT,EXACT_EVIDENCE_ANALYZE,False,ONSET_SPIKE|GATE_TRUNCATE|GATE_OVERLAP,,,5
NIP-51c8b7fe0b4f1e7c03d6,121,13,18,Jimmy Organ DNC,MANUAL_ONLY,ORGAN,OFFICIAL_MANUAL_ONLY,NO_FACTORY_SUPPORT,NO_FACTORY_SUPPORT,PRESERVE,True,,,,22
NIP-dc75a1bbfff64a2a0224,121,13,24,Nylon Gtr RX2,ACC2,GUITAR,FACTORY_CORPUS,GOOD,CONTEXT_DEPENDENT,PRESERVE,True,,1|2|64|80|81,,4
NIP-564281fd58c0ffcd3608,121,13,25,Steel Slide Pro1,ACC1,GUITAR,FACTORY_CORPUS,LIMITED,UNKNOWN,EXACT_EVIDENCE_ANALYZE,False,ONSET_SPIKE|GATE_TRUNCATE|CHORD_DESYNC|GROOVE_DRIFT,1|2|64|80|81,,5
NIP-62c8f223a076a4506bcc,121,13,27,Clean Gtr Pro1,ACC3,GUITAR,FACTORY_CORPUS,GOOD,CONTEXT_DEPENDENT,EXACT_EVIDENCE_ANALYZE,False,ONSET_SPIKE|GATE_TRUNCATE|CHORD_DESYNC|GROOVE_DRIFT,1|2|64|80|81,,4
NIP-e72539bf7fbe6fc22714,121,13,28,Funk Stein RX2,ACC3,GUITAR,FACTORY_CORPUS,GOOD,INSUFFICIENT_SPLIT_SUPPORT,PRESERVE,True,,1|2|64|80|81,,4
NIP-633b9eb8992439fb8dc1,121,13,33,Finger Bass RX,BASS,BASS,FACTORY_CORPUS,STRONG,CONTEXT_DEPENDENT,PRESERVE,True,,1|2|64|80|81,,4
NIP-11a3ee2d691bbd723154,121,13,48,Arabic Strings,ACC5,ENSEMBLE,FACTORY_CORPUS,LIMITED,UNKNOWN,EXACT_EVIDENCE_ANALYZE,False,ONSET_SPIKE|GATE_TRUNCATE|GATE_OVERLAP|CHORD_DESYNC,1|2|64|80|81,,5
NIP-4c215c405b8ffe690109,121,13,56,Flugel Horn Pro,ACC5,BRASS,FACTORY_CORPUS,FALLBACK,UNKNOWN,EXACT_EVIDENCE_ANALYZE,False,ONSET_SPIKE|GATE_TRUNCATE,1|2|64|80|81|aftertouch|pitch_bend,,5
NIP-feffce0e1c2b84eb1f84,121,13,57,Trombone DNC,MANUAL_ONLY,BRASS,OFFICIAL_MANUAL_ONLY,NO_FACTORY_SUPPORT,NO_FACTORY_SUPPORT,PRESERVE,True,,1|2|64|80|81|aftertouch|pitch_bend,,22
NIP-eb2ca87741702b385c93,121,13,61,Fat Brass,ACC4,BRASS,FACTORY_CORPUS,STRONG,CONTEXT_DEPENDENT,EXACT_EVIDENCE_ANALYZE,False,ONSET_SPIKE|GATE_TRUNCATE,1|2|64|80|81|aftertouch|pitch_bend,,5
NIP-72ed6ce9025bf4f2f69e,121,13,71,Clarinet DNC,MANUAL_ONLY,REED,OFFICIAL_MANUAL_ONLY,NO_FACTORY_SUPPORT,NO_FACTORY_SUPPORT,PRESERVE,True,,1|2|64|80|81|aftertouch|pitch_bend,,22
NIP-0b81972a3523cee43c56,121,14,21,Cassotto NorTune,ACC3,ORGAN,FACTORY_CORPUS,FALLBACK,UNKNOWN,EXACT_EVIDENCE_ANALYZE,False,ONSET_SPIKE|GATE_TRUNCATE|GATE_OVERLAP,,,6
NIP-f566c203c6c0688f71d1,121,14,24,Nylon Slide Pro,ACC1,GUITAR,FACTORY_CORPUS,GOOD,CONTEXT_DEPENDENT,EXACT_EVIDENCE_ANALYZE,False,ONSET_SPIKE|GATE_TRUNCATE|CHORD_DESYNC|GROOVE_DRIFT,1|2|64|80|81,,4
NIP-94d07e71887683d2d4ee,121,14,25,Steel Slide Pro2,ACC2,GUITAR,FACTORY_CORPUS,GOOD,CONTEXT_DEPENDENT,EXACT_EVIDENCE_ANALYZE,False,ONSET_SPIKE|GATE_TRUNCATE|CHORD_DESYNC|GROOVE_DRIFT,1|2|64|80|81,,5
NIP-3ddb6f707478352e4c09,121,14,27,Single Coil Pro,ACC2,GUITAR,FACTORY_CORPUS,GOOD,CONTEXT_DEPENDENT,EXACT_EVIDENCE_ANALYZE,False,ONSET_SPIKE|GATE_TRUNCATE|CHORD_DESYNC|GROOVE_DRIFT,1|2|64|80|81,,4
NIP-ad177a4ace3811806a8f,121,14,28,Clean Guitar RX1,ACC2,GUITAR,FACTORY_CORPUS,STRONG,CONTEXT_DEPENDENT,PRESERVE,True,,1|2|64|80|81,,4
NIP-4e667caf8053fa284489,121,14,38,Auto Pilot 1,ACC4,BASS,FACTORY_CORPUS,FALLBACK,UNKNOWN,EXACT_EVIDENCE_ANALYZE,False,ONSET_SPIKE|GATE_TRUNCATE|GROOVE_DRIFT,1|2|64|80|81,,6
NIP-64b46ffce47311bd0187,121,14,48,Orchestra Tutti1,ACC2,ENSEMBLE,FACTORY_CORPUS,FALLBACK,UNKNOWN,EXACT_EVIDENCE_ANALYZE,False,ONSET_SPIKE|GATE_TRUNCATE|GATE_OVERLAP|CHORD_DESYNC,1|2|64|80|81,,6
NIP-b590dd3aed5bd8982151,121,14,61,Dyna Brass 1,ACC5,BRASS,FACTORY_CORPUS,LIMITED,UNKNOWN,EXACT_EVIDENCE_ANALYZE,False,ONSET_SPIKE|GATE_TRUNCATE,1|2|64|80|81|aftertouch|pitch_bend,,6
NIP-d443ed72da40644f9a9b,121,15,4,Vel. Wurly,ACC1,PIANO,FACTORY_CORPUS,FALLBACK,UNKNOWN,EXACT_EVIDENCE_ANALYZE,False,ONSET_SPIKE,64,,12
NIP-d03a5fbfba2757472327,121,15,5,FM Pad E.P.,ACC2,SYNTH_PAD,FACTORY_CORPUS,LIMITED,UNKNOWN,EXACT_EVIDENCE_ANALYZE,False,GATE_TRUNCATE|GATE_OVERLAP|CHORD_DESYNC,1|2|64|80|81,,6
NIP-9fe93d7d1694aebc5dc4,121,15,16,Organ Low 2 V.,ACC2,ORGAN,FACTORY_CORPUS,FALLBACK,UNKNOWN,EXACT_EVIDENCE_ANALYZE,False,ONSET_SPIKE|GATE_TRUNCATE|GATE_OVERLAP,,,6
NIP-ec7d7774b36c9e072dd7,121,15,24,Nylon Guitar 2,ACC1,GUITAR,FACTORY_CORPUS,GOOD,STABLE,EXACT_EVIDENCE_ANALYZE,False,ONSET_SPIKE|GATE_TRUNCATE|CHORD_DESYNC|GROOVE_DRIFT,1|2|64|80|81,,4
NIP-ee7614cb692f1f55f726,121,15,25,Steel Guitar RX1,ACC2,GUITAR,FACTORY_CORPUS,STRONG,CONTEXT_DEPENDENT,PRESERVE,True,,1|2|64|80|81,,4
NIP-7f82153dc1941678921a,121,15,27,Clean Gtr Pro2,ACC2,GUITAR,FACTORY_CORPUS,GOOD,CONTEXT_DEPENDENT,EXACT_EVIDENCE_ANALYZE,False,ONSET_SPIKE|GATE_TRUNCATE|CHORD_DESYNC|GROOVE_DRIFT,1|2|64|80|81,,4
NIP-333d152d83ab3847f58d,121,15,28,Clean Guitar RX2,ACC1,GUITAR,FACTORY_CORPUS,LIMITED,UNKNOWN,PRESERVE,True,,1|2|64|80|81,,6
NIP-3661462429d76667d156,121,15,48,Strings & Horns,ACC5,ENSEMBLE,FACTORY_CORPUS,FALLBACK,UNKNOWN,EXACT_EVIDENCE_ANALYZE,False,ONSET_SPIKE|GATE_TRUNCATE|GATE_OVERLAP|CHORD_DESYNC,1|2|64|80|81,,5
NIP-0039bd12b3fd7f1c2289,121,15,52,Femal Scat,ACC4,ENSEMBLE,FACTORY_CORPUS,FALLBACK,UNKNOWN,EXACT_EVIDENCE_ANALYZE,False,ONSET_SPIKE|GATE_TRUNCATE|GATE_OVERLAP|CHORD_DESYNC,1|2|64|80|81,,6
NIP-610644cf386cfaa8d631,121,15,56,Trumpet Expr.1,ACC4,BRASS,FACTORY_CORPUS,LIMITED,UNKNOWN,EXACT_EVIDENCE_ANALYZE,False,ONSET_SPIKE|GATE_TRUNCATE,1|2|64|80|81|aftertouch|pitch_bend,,5
NIP-b1353377f2e831879edc,121,16,4,Tremolo Wurly,ACC1,PIANO,FACTORY_CORPUS,FALLBACK,UNKNOWN,EXACT_EVIDENCE_ANALYZE,False,ONSET_SPIKE|GATE_TRUNCATE|GATE_OVERLAP,64,,8
NIP-f4a711aaefbfce365905,121,16,5,FM Stack E.P.,ACC1,PIANO,FACTORY_CORPUS,FALLBACK,UNKNOWN,EXACT_EVIDENCE_ANALYZE,False,ONSET_SPIKE|GATE_TRUNCATE|GATE_OVERLAP,64,,7
NIP-acca8cd708136b16098b,121,16,16,Organ Mid V.,ACC5,ORGAN,FACTORY_CORPUS,FALLBACK,UNKNOWN,EXACT_EVIDENCE_ANALYZE,False,ONSET_SPIKE|GATE_TRUNCATE|GATE_OVERLAP,,,8
NIP-1a25663b7fd6452fbdb4,121,16,21,2 Voices Musette,ACC1,ACCORDION_REED,FACTORY_CORPUS,FALLBACK,UNKNOWN,EXACT_EVIDENCE_ANALYZE,False,ONSET_SPIKE|GATE_TRUNCATE,1|2|64|80|81|aftertouch|pitch_bend,,6
NIP-317decfac5a6eb0cfe39,121,16,24,RealNylon Gtr ST,ACC3,GUITAR,FACTORY_CORPUS,GOOD,MODERATE,EXACT_EVIDENCE_ANALYZE,False,ONSET_SPIKE|GATE_TRUNCATE|CHORD_DESYNC|GROOVE_DRIFT,1|2|64|80|81,,5
NIP-bf4612a97113be02d5e8,121,16,25,Steel Guitar RX2,ACC2,GUITAR,FACTORY_CORPUS,STRONG,CONTEXT_DEPENDENT,PRESERVE,True,,1|2|64|80|81,,4
NIP-58297675e9bae8e50487,121,16,27,Stra. Vel. Pro,ACC3,GUITAR,FACTORY_CORPUS,GOOD,CONTEXT_DEPENDENT,EXACT_EVIDENCE_ANALYZE,False,ONSET_SPIKE|GATE_TRUNCATE|CHORD_DESYNC|GROOVE_DRIFT,1|2|64|80|81,,4
NIP-0bb3fa887a0d038fd6c6,121,16,28,Clean Guitar RX3,ACC2,GUITAR,FACTORY_CORPUS,GOOD,INSUFFICIENT_SPLIT_SUPPORT,PRESERVE,True,,1|2|64|80|81,,4
NIP-bbf82691ddb8b75231c3,121,16,33,Finger Bass DNC,MANUAL_ONLY,BASS,OFFICIAL_MANUAL_ONLY,NO_FACTORY_SUPPORT,NO_FACTORY_SUPPORT,PRESERVE,True,,1|2|64|80|81,,22
NIP-fb5ed93082339bc45964,121,16,52,Male Scat,ACC4,ENSEMBLE,FACTORY_CORPUS,FALLBACK,UNKNOWN,EXACT_EVIDENCE_ANALYZE,False,ONSET_SPIKE|GATE_TRUNCATE|GATE_OVERLAP|CHORD_DESYNC,1|2|64|80|81,,6
NIP-3a09d6bce938295cc93b,121,16,56,Trumpet Pro 3,ACC5,BRASS,FACTORY_CORPUS,LIMITED,UNKNOWN,EXACT_EVIDENCE_ANALYZE,False,ONSET_SPIKE|GATE_TRUNCATE,1|2|64|80|81|aftertouch|pitch_bend,,6
NIP-90515986130205a297ae,121,16,61,Brass & Sax,ACC5,BRASS,FACTORY_CORPUS,LIMITED,UNKNOWN,EXACT_EVIDENCE_ANALYZE,False,ONSET_SPIKE|GATE_TRUNCATE,1|2|64|80|81|aftertouch|pitch_bend,,6
NIP-2b736070dcb0b6ca50bc,121,17,24,Real Nylon Gtr,ACC3,GUITAR,FACTORY_CORPUS,GOOD,STABLE,EXACT_EVIDENCE_ANALYZE,False,ONSET_SPIKE|GATE_TRUNCATE|CHORD_DESYNC|GROOVE_DRIFT,1|2|64|80|81,,4
NIP-6af3ae9549b26891c186,121,17,25,12 Strings Pro,ACC1,GUITAR,FACTORY_CORPUS,STRONG,CONTEXT_DEPENDENT,EXACT_EVIDENCE_ANALYZE,False,ONSET_SPIKE|GATE_TRUNCATE|CHORD_DESYNC|GROOVE_DRIFT,1|2|64|80|81,,4
NIP-196c09631a5d748f49e8,121,17,28,Clean Guitar RX4,ACC2,GUITAR,FACTORY_CORPUS,LIMITED,UNKNOWN,PRESERVE,True,,1|2|64|80|81,,4
NIP-23ff8e8f053ebe595332,121,17,56,Alp Trumpet,ACC5,BRASS,FACTORY_CORPUS,FALLBACK,UNKNOWN,EXACT_EVIDENCE_ANALYZE,False,ONSET_SPIKE|GATE_TRUNCATE,1|2|64|80|81|aftertouch|pitch_bend,,6
NIP-3fa0c0216055a35288d7,121,17,61,Film Brass,ACC5,BRASS,FACTORY_CORPUS,FALLBACK,UNKNOWN,EXACT_EVIDENCE_ANALYZE,False,ONSET_SPIKE|GATE_TRUNCATE,1|2|64|80|81|aftertouch|pitch_bend,,8
NIP-9f5a69e170f588e1ef07,121,18,4,Tine E.Piano RX,ACC1,PIANO,FACTORY_CORPUS,STRONG,CONTEXT_DEPENDENT,PRESERVE,True,,64,,5
NIP-6bb3e90dc41e26b50404,121,18,16,Drawbars Fast V.,ACC5,ORGAN,FACTORY_CORPUS,GOOD,INSUFFICIENT_SPLIT_SUPPORT,EXACT_EVIDENCE_ANALYZE,False,ONSET_SPIKE|GATE_TRUNCATE|GATE_OVERLAP,,,6
NIP-f5ceb05cda99b910fc3f,121,18,21,French Musette,ACC4,ACCORDION_REED,FACTORY_CORPUS,LIMITED,UNKNOWN,EXACT_EVIDENCE_ANALYZE,False,ONSET_SPIKE|GATE_TRUNCATE,1|2|64|80|81|aftertouch|pitch_bend,,6
NIP-cd38b71520c8a4504740,121,18,24,Nylon Guitar DNC,MANUAL_ONLY,GUITAR,OFFICIAL_MANUAL_ONLY,NO_FACTORY_SUPPORT,NO_FACTORY_SUPPORT,PRESERVE,True,,1|2|64|80|81,,22
NIP-6a785aadb0e576d2d207,121,18,25,12 Strings RX,ACC3,GUITAR,FACTORY_CORPUS,LIMITED,UNKNOWN,PRESERVE,True,,1|2|64|80|81,,5
NIP-a6ee019f8bef370448f4,121,18,27,Chorus Gtr Pro,ACC3,GUITAR,FACTORY_CORPUS,STRONG,CONTEXT_DEPENDENT,EXACT_EVIDENCE_ANALYZE,False,ONSET_SPIKE|GATE_TRUNCATE|CHORD_DESYNC|GROOVE_DRIFT,1|2|64|80|81,,4
NIP-0aced618537ac96f19fc,121,18,48,Strings & Glock.,ACC3,ENSEMBLE,FACTORY_CORPUS,FALLBACK,UNKNOWN,EXACT_EVIDENCE_ANALYZE,False,ONSET_SPIKE|GATE_TRUNCATE|GATE_OVERLAP|CHORD_DESYNC,1|2|64|80|81,,6
NIP-a48550e8ae677077badc,121,18,56,Trumpet Shake Y+,ACC5,BRASS,FACTORY_CORPUS,LIMITED,UNKNOWN,EXACT_EVIDENCE_ANALYZE,False,ONSET_SPIKE|GATE_TRUNCATE,1|2|64|80|81|aftertouch|pitch_bend,,4
NIP-5a584c34a1cbfda3ee2c,121,19,4,Tine E.Piano,ACC1,PIANO,FACTORY_CORPUS,STRONG,CONTEXT_DEPENDENT,EXACT_EVIDENCE_ANALYZE,False,ONSET_SPIKE|GATE_TRUNCATE|GATE_OVERLAP,64,,5
NIP-450cc7baeb30fd04b403,121,19,24,Natural Nylon DNC,MANUAL_ONLY,GUITAR,OFFICIAL_MANUAL_ONLY,NO_FACTORY_SUPPORT,NO_FACTORY_SUPPORT,PRESERVE,True,,1|2|64|80|81,,22
NIP-678727404bc89d946efd,121,19,25,Steel Guitar Pro,ACC2,GUITAR,FACTORY_CORPUS,STRONG,CONTEXT_DEPENDENT,EXACT_EVIDENCE_ANALYZE,False,ONSET_SPIKE|GATE_TRUNCATE|CHORD_DESYNC|GROOVE_DRIFT,1|2|64|80|81,,4
NIP-f548ac39d7f4d6efc785,121,19,27,Vintage S.1,ACC3,GUITAR,FACTORY_CORPUS,LIMITED,UNKNOWN,EXACT_EVIDENCE_ANALYZE,False,ONSET_SPIKE|GATE_TRUNCATE|CHORD_DESYNC|GROOVE_DRIFT,1|2|64|80|81,,5
NIP-a808867a99e9cfddb97d,121,19,28,Muted Guitar 2,ACC4,GUITAR,FACTORY_CORPUS,FALLBACK,UNKNOWN,EXACT_EVIDENCE_ANALYZE,False,ONSET_SPIKE|GATE_TRUNCATE|CHORD_DESYNC|GROOVE_DRIFT,1|2|64|80|81,,7
NIP-1bced95f9726894ba608,121,19,56,Concert Trumpet,ACC3,BRASS,FACTORY_CORPUS,FALLBACK,UNKNOWN,EXACT_EVIDENCE_ANALYZE,False,ONSET_SPIKE|GATE_TRUNCATE,1|2|64|80|81|aftertouch|pitch_bend,,6
NIP-a8c2f32f2c0842baabad,121,20,4,Suit E.Piano 1,ACC1,PIANO,FACTORY_CORPUS,GOOD,CONTEXT_DEPENDENT,EXACT_EVIDENCE_ANALYZE,False,ONSET_SPIKE|GATE_TRUNCATE|GATE_OVERLAP,64,,4
NIP-1676275e41482cb8c754,121,20,16,BX3 Jazz V.,ACC3,ORGAN,FACTORY_CORPUS,LIMITED,UNKNOWN,EXACT_EVIDENCE_ANALYZE,False,ONSET_SPIKE|GATE_TRUNCATE|GATE_OVERLAP,,,6
NIP-62b9f173719dd6e29297,121,20,25,Steel Guitar 3,ACC1,GUITAR,FACTORY_CORPUS,GOOD,CONTEXT_DEPENDENT,EXACT_EVIDENCE_ANALYZE,False,ONSET_SPIKE|GATE_TRUNCATE|CHORD_DESYNC|GROOVE_DRIFT,1|2|64|80|81,,5
NIP-e82ddbe1451717a1cf51,121,20,27,Clean Guitar 2,ACC2,GUITAR,FACTORY_CORPUS,GOOD,CONTEXT_DEPENDENT,EXACT_EVIDENCE_ANALYZE,False,ONSET_SPIKE|GATE_TRUNCATE|CHORD_DESYNC|GROOVE_DRIFT,1|2|64|80|81,,5
NIP-54280bbbae4a6581d824,121,20,52,Scat Voices DNC,MANUAL_ONLY,ENSEMBLE,OFFICIAL_MANUAL_ONLY,NO_FACTORY_SUPPORT,NO_FACTORY_SUPPORT,PRESERVE,True,,1|2|64|80|81,,22
NIP-49fc7019d771ab1c5210,121,20,56,Concert Trp.Pro,ACC4,BRASS,FACTORY_CORPUS,FALLBACK,UNKNOWN,EXACT_EVIDENCE_ANALYZE,False,ONSET_SPIKE|GATE_TRUNCATE,1|2|64|80|81|aftertouch|pitch_bend,,6
NIP-23584bc69df3e701cc12,121,21,4,Suit E.Piano 2,ACC1,PIANO,FACTORY_CORPUS,GOOD,CONTEXT_DEPENDENT,EXACT_EVIDENCE_ANALYZE,False,ONSET_SPIKE|GATE_TRUNCATE|GATE_OVERLAP,64,,6
NIP-7ca71f57ece69530c734,121,21,16,BX3 Gospel V.,ACC1,ORGAN,FACTORY_CORPUS,FALLBACK,UNKNOWN,EXACT_EVIDENCE_ANALYZE,False,ONSET_SPIKE|GATE_TRUNCATE|GATE_OVERLAP,,,8
NIP-a6dc9e057e3ee2680c99,121,21,27,Solid Guitar,ACC2,GUITAR,FACTORY_CORPUS,GOOD,CONTEXT_DEPENDENT,EXACT_EVIDENCE_ANALYZE,False,ONSET_SPIKE|GATE_TRUNCATE|CHORD_DESYNC|GROOVE_DRIFT,1|2|64|80|81,,4
NIP-add03295318c7fd79464,121,21,28,5th Mute Gtr,ACC3,GUITAR,FACTORY_CORPUS,GOOD,CONTEXT_DEPENDENT,EXACT_EVIDENCE_ANALYZE,False,ONSET_SPIKE|GATE_TRUNCATE|CHORD_DESYNC|GROOVE_DRIFT,1|2|64|80|81,,4
NIP-c3bc5f9a30401b167e78,121,21,56,Cornet Expr.,ACC3,BRASS,FACTORY_CORPUS,FALLBACK,UNKNOWN,EXACT_EVIDENCE_ANALYZE,False,ONSET_SPIKE|GATE_TRUNCATE,1|2|64|80|81|aftertouch|pitch_bend,,6
NIP-aad7682b898382fe0f77,121,22,4,Dyno Tine EP 2,ACC1,PIANO,FACTORY_CORPUS,FALLBACK,UNKNOWN,EXACT_EVIDENCE_ANALYZE,False,ONSET_SPIKE|GATE_TRUNCATE|GATE_OVERLAP,64,,6
NIP-76862b4f7440943a297e,121,22,16,Theatre Organ 1,ACC1,ORGAN,FACTORY_CORPUS,FALLBACK,UNKNOWN,EXACT_EVIDENCE_ANALYZE,False,ONSET_SPIKE|GATE_TRUNCATE|GATE_OVERLAP,,,6
NIP-b3cd844fe9f463c12bfc,121,22,27,Clean Jazz 1,ACC4,GUITAR,FACTORY_CORPUS,FALLBACK,UNKNOWN,EXACT_EVIDENCE_ANALYZE,False,ONSET_SPIKE|GATE_TRUNCATE|CHORD_DESYNC|GROOVE_DRIFT,1|2|64|80|81,,7
NIP-0812fccfcdab53cea587,121,22,61,Dyna Brass 2,ACC3,BRASS,FACTORY_CORPUS,FALLBACK,UNKNOWN,EXACT_EVIDENCE_ANALYZE,False,ONSET_SPIKE|GATE_TRUNCATE,1|2|64|80|81|aftertouch|pitch_bend,,6
NIP-8be9210c655552588e8f,121,23,4,Bell E. Piano 1,ACC5,PIANO,FACTORY_CORPUS,FALLBACK,UNKNOWN,EXACT_EVIDENCE_ANALYZE,False,ONSET_SPIKE|GATE_TRUNCATE|GATE_OVERLAP,64,,7
NIP-d8af04a03369f7a7b009,121,23,16,Theatre Organ 2,ACC4,ORGAN,FACTORY_CORPUS,FALLBACK,UNKNOWN,EXACT_EVIDENCE_ANALYZE,False,ONSET_SPIKE|GATE_TRUNCATE|GATE_OVERLAP,,,6
NIP-fbde67738057be16d3d7,121,23,21,Master Accordion,ACC5,ACCORDION_REED,FACTORY_CORPUS,GOOD,CONTEXT_DEPENDENT,EXACT_EVIDENCE_ANALYZE,False,ONSET_SPIKE|GATE_TRUNCATE,1|2|64|80|81|aftertouch|pitch_bend,,6
NIP-23b95233a97cd838fd87,121,23,61,Sforzato Brass,ACC2,BRASS,FACTORY_CORPUS,GOOD,MODERATE,EXACT_EVIDENCE_ANALYZE,False,ONSET_SPIKE|GATE_TRUNCATE,1|2|64|80|81|aftertouch|pitch_bend,,5
NIP-9b499518953ddfeecb49,121,24,25,Pop SteelGtr RX1,ACC4,GUITAR,FACTORY_CORPUS,FALLBACK,UNKNOWN,PRESERVE,True,,1|2|64|80|81,,5
NIP-277b4b0478aeb178fffa,121,24,27,'54 E. Guitar,ACC1,GUITAR,FACTORY_CORPUS,FALLBACK,UNKNOWN,EXACT_EVIDENCE_ANALYZE,False,ONSET_SPIKE|GATE_TRUNCATE|CHORD_DESYNC|GROOVE_DRIFT,1|2|64|80|81,,5
NIP-fd4a21c5dc3b4a4448cc,121,24,56,Trumpet DNC,MANUAL_ONLY,BRASS,OFFICIAL_MANUAL_ONLY,NO_FACTORY_SUPPORT,NO_FACTORY_SUPPORT,PRESERVE,True,,1|2|64|80|81|aftertouch|pitch_bend,,22
NIP-ef636b01e202d9aa5d67,121,24,61,Double Brass,ACC2,BRASS,FACTORY_CORPUS,FALLBACK,UNKNOWN,EXACT_EVIDENCE_ANALYZE,False,ONSET_SPIKE|GATE_TRUNCATE,1|2|64|80|81|aftertouch|pitch_bend,,5
NIP-835dd1fb638b4bdc0ed1,121,25,4,EP+Damper1 DNC,MANUAL_ONLY,PIANO,OFFICIAL_MANUAL_ONLY,NO_FACTORY_SUPPORT,NO_FACTORY_SUPPORT,PRESERVE,True,,64,,22
NIP-10ba9c598081dcf0da45,121,25,21,Steirisch.Akk.1,ACC1,ACCORDION_REED,FACTORY_CORPUS,STRONG,CONTEXT_DEPENDENT,EXACT_EVIDENCE_ANALYZE,False,ONSET_SPIKE|GATE_TRUNCATE,1|2|64|80|81|aftertouch|pitch_bend,,4
NIP-5f5790a1dc4e707275a2,121,25,25,Pop SteelGtr RX2,ACC2,GUITAR,FACTORY_CORPUS,LIMITED,UNKNOWN,PRESERVE,True,,1|2|64|80|81,,4
NIP-375a33dbaec307312b54,121,25,56,Cornet DNC,MANUAL_ONLY,BRASS,OFFICIAL_MANUAL_ONLY,NO_FACTORY_SUPPORT,NO_FACTORY_SUPPORT,PRESERVE,True,,1|2|64|80|81|aftertouch|pitch_bend,,22
NIP-21270ec6e78f3aa4d564,121,25,61,Brass Hit,ACC4,BRASS,FACTORY_CORPUS,FALLBACK,UNKNOWN,EXACT_EVIDENCE_ANALYZE,False,ONSET_SPIKE|GATE_TRUNCATE,1|2|64|80|81|aftertouch|pitch_bend,,6
NIP-7a8b3bc6f76019f26863,121,26,4,EP+Damper2 DNC,MANUAL_ONLY,PIANO,OFFICIAL_MANUAL_ONLY,NO_FACTORY_SUPPORT,NO_FACTORY_SUPPORT,PRESERVE,True,,64,,22
NIP-2824d4917828d5105626,121,26,16,Tibia,ACC5,ORGAN,FACTORY_CORPUS,FALLBACK,UNKNOWN,EXACT_EVIDENCE_ANALYZE,False,ONSET_SPIKE|GATE_TRUNCATE|GATE_OVERLAP,,,6
NIP-742746f90be955255980,121,26,21,Steirisch.Akk.2,ACC3,ACCORDION_REED,FACTORY_CORPUS,FALLBACK,UNKNOWN,EXACT_EVIDENCE_ANALYZE,False,ONSET_SPIKE|GATE_TRUNCATE,1|2|64|80|81|aftertouch|pitch_bend,,6
NIP-c8a391e09b672362df1f,121,27,25,Mandolin Ens. 2,ACC4,GUITAR,FACTORY_CORPUS,FALLBACK,UNKNOWN,EXACT_EVIDENCE_ANALYZE,False,ONSET_SPIKE|GATE_TRUNCATE|CHORD_DESYNC|GROOVE_DRIFT,1|2|64|80|81,,6
NIP-9f7f59d1c8d458838871,121,27,61,Tight Brass 1,ACC2,BRASS,FACTORY_CORPUS,GOOD,CONTEXT_DEPENDENT,EXACT_EVIDENCE_ANALYZE,False,ONSET_SPIKE|GATE_TRUNCATE,1|2|64|80|81|aftertouch|pitch_bend,,5
NIP-c13f58ce4f68f5edf55e,121,28,16,Tibia & Vox,ACC5,ORGAN,FACTORY_CORPUS,FALLBACK,UNKNOWN,EXACT_EVIDENCE_ANALYZE,False,ONSET_SPIKE|GATE_TRUNCATE|GATE_OVERLAP,,,6
NIP-127de20743681e497fd8,121,28,21,Steirisch.Akk.4,ACC5,ACCORDION_REED,FACTORY_CORPUS,FALLBACK,UNKNOWN,EXACT_EVIDENCE_ANALYZE,False,ONSET_SPIKE|GATE_TRUNCATE,1|2|64|80|81|aftertouch|pitch_bend,,6
NIP-6d2d00dd8bec256f832e,121,28,27,Real El. Gtr ST1,ACC2,GUITAR,FACTORY_CORPUS,FALLBACK,UNKNOWN,EXACT_EVIDENCE_ANALYZE,False,ONSET_SPIKE|GATE_TRUNCATE|CHORD_DESYNC|GROOVE_DRIFT,1|2|64|80|81,,5
NIP-c7ffd94b290d5d7611f1,121,28,61,Tight Brass Pro,ACC5,BRASS,FACTORY_CORPUS,GOOD,CONTEXT_DEPENDENT,EXACT_EVIDENCE_ANALYZE,False,ONSET_SPIKE|GATE_TRUNCATE,1|2|64|80|81|aftertouch|pitch_bend,,5
NIP-ed9d334cc30f0426d414,121,29,16,Post Horn Trem.,ACC5,ORGAN,FACTORY_CORPUS,FALLBACK,UNKNOWN,EXACT_EVIDENCE_ANALYZE,False,ONSET_SPIKE|GATE_TRUNCATE|GATE_OVERLAP,,,6
NIP-eab7fbf945ef1353f367,121,29,25,RealFolk Gtr ST1,ACC1,GUITAR,FACTORY_CORPUS,GOOD,INSUFFICIENT_SPLIT_SUPPORT,EXACT_EVIDENCE_ANALYZE,False,ONSET_SPIKE|GATE_TRUNCATE|CHORD_DESYNC|GROOVE_DRIFT,1|2|64|80|81,,4
NIP-545914e07e3f519ecd2a,121,29,27,Real El.Gtr ST2,ACC2,GUITAR,FACTORY_CORPUS,GOOD,CONTEXT_DEPENDENT,EXACT_EVIDENCE_ANALYZE,False,ONSET_SPIKE|GATE_TRUNCATE|CHORD_DESYNC|GROOVE_DRIFT,1|2|64|80|81,,4
NIP-b0d63fb43b86d0bd792b,121,29,61,Tight Brass 2,ACC3,BRASS,FACTORY_CORPUS,GOOD,INSUFFICIENT_SPLIT_SUPPORT,EXACT_EVIDENCE_ANALYZE,False,ONSET_SPIKE|GATE_TRUNCATE,1|2|64|80|81|aftertouch|pitch_bend,,5
NIP-b2cdd4d5d4f981608417,121,30,25,RealFolk Gtr ST2,ACC5,GUITAR,FACTORY_CORPUS,GOOD,CONTEXT_DEPENDENT,EXACT_EVIDENCE_ANALYZE,False,ONSET_SPIKE|GATE_TRUNCATE|CHORD_DESYNC|GROOVE_DRIFT,1|2|64|80|81,,5
NIP-68d17824af96ffd4b7d1,121,30,61,Brass of Power,ACC4,BRASS,FACTORY_CORPUS,LIMITED,UNKNOWN,EXACT_EVIDENCE_ANALYZE,False,ONSET_SPIKE|GATE_TRUNCATE,1|2|64|80|81|aftertouch|pitch_bend,,6
NIP-ebfc4da952663b6451f8,121,31,16,Tibia & Kinura,ACC2,ORGAN,FACTORY_CORPUS,FALLBACK,UNKNOWN,EXACT_EVIDENCE_ANALYZE,False,ONSET_SPIKE|GATE_TRUNCATE|GATE_OVERLAP,,,6
NIP-3347a6f53540444410af,121,31,25,Real Steel Gtr,ACC3,GUITAR,FACTORY_CORPUS,LIMITED,UNKNOWN,EXACT_EVIDENCE_ANALYZE,False,ONSET_SPIKE|GATE_TRUNCATE|CHORD_DESYNC|GROOVE_DRIFT,1|2|64|80|81,,5
NIP-22af4a7a93f3cf2dc1dd,121,31,27,Real El. Guitar2,ACC4,GUITAR,FACTORY_CORPUS,FALLBACK,UNKNOWN,EXACT_EVIDENCE_ANALYZE,False,ONSET_SPIKE|GATE_TRUNCATE|CHORD_DESYNC|GROOVE_DRIFT,1|2|64|80|81,,5
NIP-55a2c50b83d5a1381586,121,32,0,Classic Piano,ACC1,PIANO,FACTORY_CORPUS,FALLBACK,UNKNOWN,EXACT_EVIDENCE_ANALYZE,False,ONSET_SPIKE|GATE_TRUNCATE|GATE_OVERLAP,64,,7
NIP-67acfc4d0b1d0700f055,121,32,0,Grand Piano,ACC1,PIANO,FACTORY_CORPUS,LIMITED,UNKNOWN,EXACT_EVIDENCE_ANALYZE,False,ONSET_SPIKE|GATE_TRUNCATE|GATE_OVERLAP,64,,5
NIP-42fca240e619154590bb,121,32,2,Grand&FM Stack,ACC1,PIANO,FACTORY_CORPUS,FALLBACK,UNKNOWN,EXACT_EVIDENCE_ANALYZE,False,ONSET_SPIKE|GATE_TRUNCATE|GATE_OVERLAP,64,,6
NIP-c69b675bdab961404c36,121,32,4,Club E. Piano,ACC1,PIANO,FACTORY_CORPUS,FALLBACK,UNKNOWN,EXACT_EVIDENCE_ANALYZE,False,ONSET_SPIKE|GATE_TRUNCATE|GATE_OVERLAP,64,,8
NIP-ffdd8650a8fdfcc2fc43,121,32,4,Detuned EP 1,ACC1,PIANO,FACTORY_CORPUS,FALLBACK,UNKNOWN,EXACT_EVIDENCE_ANALYZE,False,ONSET_SPIKE|GATE_TRUNCATE|GATE_OVERLAP,64,,7
NIP-2ceb7feb74cdc8268dbc,121,32,4,Studio EP,ACC4,PIANO,FACTORY_CORPUS,FALLBACK,UNKNOWN,EXACT_EVIDENCE_ANALYZE,False,ONSET_SPIKE|GATE_TRUNCATE|GATE_OVERLAP,64,,7
NIP-8bfc529a9d035d8071db,121,32,4,Vintage EP,ACC1,PIANO,FACTORY_CORPUS,FALLBACK,UNKNOWN,EXACT_EVIDENCE_ANALYZE,False,ONSET_SPIKE|GATE_TRUNCATE|GATE_OVERLAP,64,,5
NIP-7117b8842e135089ec25,121,32,5,EP Phase,ACC1,PIANO,FACTORY_CORPUS,FALLBACK,UNKNOWN,EXACT_EVIDENCE_ANALYZE,False,ONSET_SPIKE|GATE_TRUNCATE|GATE_OVERLAP,64,,8
NIP-2a596ef950ab4b610d4c,121,32,16,Tibia Vox Glock,ACC1,ORGAN,FACTORY_CORPUS,FALLBACK,UNKNOWN,EXACT_EVIDENCE_ANALYZE,False,ONSET_SPIKE|GATE_TRUNCATE|GATE_OVERLAP,,,6
NIP-d419bbb79513b0ea9058,121,32,18,BX3 Rock 3 V.,ACC4,ORGAN,FACTORY_CORPUS,FALLBACK,UNKNOWN,EXACT_EVIDENCE_ANALYZE,False,ONSET_SPIKE|GATE_TRUNCATE|GATE_OVERLAP,,,7
NIP-e2b0205721fe8c5e92fe,121,32,21,Sweet Musette,ACC4,ACCORDION_REED,FACTORY_CORPUS,FALLBACK,UNKNOWN,EXACT_EVIDENCE_ANALYZE,False,ONSET_SPIKE|GATE_TRUNCATE,1|2|64|80|81|aftertouch|pitch_bend,,8
NIP-58ac9c6ecd4139af03d7,121,32,24,Nylon Gtr Pro2,ACC4,GUITAR,FACTORY_CORPUS,FALLBACK,UNKNOWN,EXACT_EVIDENCE_ANALYZE,False,ONSET_SPIKE|GATE_TRUNCATE|CHORD_DESYNC|GROOVE_DRIFT,1|2|64|80|81,,4
NIP-2051b455001c97489338,121,32,24,Nylon Slide Pro,ACC2,GUITAR,FACTORY_CORPUS,FALLBACK,UNKNOWN,EXACT_EVIDENCE_ANALYZE,False,ONSET_SPIKE|GATE_TRUNCATE|CHORD_DESYNC|GROOVE_DRIFT,1|2|64|80|81,,10
NIP-d981f0df452a70acf09b,121,32,24,Real Nylon Gtr,ACC2,GUITAR,FACTORY_CORPUS,FALLBACK,UNKNOWN,EXACT_EVIDENCE_ANALYZE,False,ONSET_SPIKE|GATE_TRUNCATE|CHORD_DESYNC|GROOVE_DRIFT,1|2|64|80|81,,7
NIP-3b70e7ee0a1920a6d13d,121,32,25,Real Folk Gtr,ACC2,GUITAR,FACTORY_CORPUS,STRONG,CONTEXT_DEPENDENT,EXACT_EVIDENCE_ANALYZE,False,ONSET_SPIKE|GATE_TRUNCATE|CHORD_DESYNC|GROOVE_DRIFT,1|2|64|80|81,,4
NIP-1718d834cef32a01f6f4,121,32,25,Steel Guitar 3,ACC2,GUITAR,FACTORY_CORPUS,FALLBACK,UNKNOWN,EXACT_EVIDENCE_ANALYZE,False,ONSET_SPIKE|GATE_TRUNCATE|CHORD_DESYNC|GROOVE_DRIFT,1|2|64|80|81,,8
NIP-b28a49b317bc4d6c15b1,121,32,26,Pedal Steel Gtr1,ACC3,GUITAR,FACTORY_CORPUS,FALLBACK,UNKNOWN,EXACT_EVIDENCE_ANALYZE,False,ONSET_SPIKE|GATE_TRUNCATE|CHORD_DESYNC|GROOVE_DRIFT,1|2|64|80|81,,5
NIP-03e026363e1d5dfe4dc3,121,32,26,Pedal Steel Gtr2,ACC3,GUITAR,FACTORY_CORPUS,FALLBACK,UNKNOWN,EXACT_EVIDENCE_ANALYZE,False,ONSET_SPIKE|GATE_TRUNCATE|CHORD_DESYNC|GROOVE_DRIFT,1|2|64|80|81,,5
NIP-6056d80d3d632212f413,121,32,27,Chorus Gtr Pro,ACC5,GUITAR,FACTORY_CORPUS,FALLBACK,UNKNOWN,EXACT_EVIDENCE_ANALYZE,False,ONSET_SPIKE|GATE_TRUNCATE|CHORD_DESYNC|GROOVE_DRIFT,1|2|64|80|81,,7
NIP-02e4bd4972fde0545c54,121,32,27,Clean Gtr Pro1,ACC3,GUITAR,FACTORY_CORPUS,FALLBACK,UNKNOWN,EXACT_EVIDENCE_ANALYZE,False,ONSET_SPIKE|GATE_TRUNCATE|CHORD_DESYNC|GROOVE_DRIFT,1|2|64|80|81,,4
NIP-cd3a6ea3735a966e59e3,121,32,27,Real El.Gtr ST2,ACC4,GUITAR,FACTORY_CORPUS,FALLBACK,UNKNOWN,EXACT_EVIDENCE_ANALYZE,False,ONSET_SPIKE|GATE_TRUNCATE|CHORD_DESYNC|GROOVE_DRIFT,1|2|64|80|81,,6
NIP-64985acaed70f742e211,121,32,30,Dist. Guitar RX2,ACC4,GUITAR,FACTORY_CORPUS,FALLBACK,UNKNOWN,PRESERVE,True,,1|2|64|80|81,,8
NIP-4b7d06814ebb0c83ca8e,121,32,61,Big Band Brass 1,ACC5,BRASS,FACTORY_CORPUS,FALLBACK,UNKNOWN,EXACT_EVIDENCE_ANALYZE,False,ONSET_SPIKE|GATE_TRUNCATE,1|2|64|80|81|aftertouch|pitch_bend,,5
NIP-4c177dbb2aa1572a1d18,121,32,61,Tight Brass 3,ACC3,BRASS,FACTORY_CORPUS,FALLBACK,UNKNOWN,EXACT_EVIDENCE_ANALYZE,False,ONSET_SPIKE|GATE_TRUNCATE,1|2|64|80|81|aftertouch|pitch_bend,,7
NIP-baf6fca10b3744f01b95,121,32,80,Sine Wave,ACC3,SYNTH_LEAD,FACTORY_CORPUS,FALLBACK,UNKNOWN,EXACT_EVIDENCE_ANALYZE,False,ONSET_SPIKE|GATE_TRUNCATE,1|2|64|80|81|aftertouch|pitch_bend,,7
NIP-209c3744c56c95f5173f,121,33,25,Real 12 Strings,ACC3,GUITAR,FACTORY_CORPUS,FALLBACK,UNKNOWN,EXACT_EVIDENCE_ANALYZE,False,ONSET_SPIKE|GATE_TRUNCATE|CHORD_DESYNC|GROOVE_DRIFT,1|2|64|80|81,,4
NIP-a6ca5c19995c7200958c,121,34,25,RealFolk Gtr DNC,MANUAL_ONLY,GUITAR,OFFICIAL_MANUAL_ONLY,NO_FACTORY_SUPPORT,NO_FACTORY_SUPPORT,PRESERVE,True,,1|2|64|80|81,,22
NIP-837f86ce3e0a1424cb78,121,34,61,Trpts &Trombs,ACC3,BRASS,FACTORY_CORPUS,LIMITED,UNKNOWN,EXACT_EVIDENCE_ANALYZE,False,ONSET_SPIKE|GATE_TRUNCATE,1|2|64|80|81|aftertouch|pitch_bend,,5
NIP-1066bb1a13ee40fb41b8,121,35,25,Steel Gtr DNC,MANUAL_ONLY,GUITAR,OFFICIAL_MANUAL_ONLY,NO_FACTORY_SUPPORT,NO_FACTORY_SUPPORT,PRESERVE,True,,1|2|64|80|81,,22
