profile_id,origin,msb,lsb,program,sound,family,role,support_grade,styles,notes,stability,observed_fields,explicit_unknowns,exact_manual_dnc,community_candidates,completion_state
a3944387562179308551,FACTORY_CORPUS,0,32,0,AcousticPiano GM,PIANO,ACC4,FALLBACK,2,135,UNKNOWN,16,4,False,,COMPLETE_WITH_EXPLICIT_UNKNOWNS
da986481749ba8aa60d6,FACTORY_CORPUS,120,0,0,Standard Kit GM,DRUM_KIT,DRUM,GOOD,6,4216,CONTEXT_DEPENDENT,15,5,False,,COMPLETE_WITH_EXPLICIT_UNKNOWNS
02f1532efecaddd55a10,FACTORY_CORPUS,120,0,1,Standard Kit RX2,DRUM_KIT,DRUM,STRONG,18,20119,MODERATE,16,4,False,,COMPLETE_WITH_EXPLICIT_UNKNOWNS
bbfbec4811db788275d2,FACTORY_CORPUS,120,0,2,Standard Kit RX3,DRUM_KIT,DRUM,STRONG,24,27939,CONTEXT_DEPENDENT,15,5,False,,COMPLETE_WITH_EXPLICIT_UNKNOWNS
a45c0ff5dde7d260385c,FACTORY_CORPUS,120,0,3,Ambient Kit RX,DRUM_KIT,DRUM,FALLBACK,2,1738,UNKNOWN,15,5,False,,COMPLETE_WITH_EXPLICIT_UNKNOWNS
d573074075e3e0758152,FACTORY_CORPUS,120,0,4,Pop Std. Kit RX,DRUM_KIT,DRUM,STRONG,13,13523,CONTEXT_DEPENDENT,14,6,False,,COMPLETE_WITH_EXPLICIT_UNKNOWNS
6188f3efadd6743ce831,FACTORY_CORPUS,120,0,5,Standard Kit RX1,DRUM_KIT,DRUM,STRONG,34,50228,MODERATE,14,6,False,,COMPLETE_WITH_EXPLICIT_UNKNOWNS
463dea28b74d889056e5,FACTORY_CORPUS,120,0,6,Standard Kit RX4,DRUM_KIT,DRUM,GOOD,6,4776,CONTEXT_DEPENDENT,15,5,False,,COMPLETE_WITH_EXPLICIT_UNKNOWNS
504c64a42cc412e12cd5,FACTORY_CORPUS,120,0,7,Standard Kit 1,DRUM_KIT,DRUM,FALLBACK,1,42,UNKNOWN,14,6,False,,COMPLETE_WITH_EXPLICIT_UNKNOWNS
46b8e1f3a08aef52bbe8,FACTORY_CORPUS,120,0,8,Room Kit GM,DRUM_KIT,DRUM,FALLBACK,2,412,UNKNOWN,15,5,False,,COMPLETE_WITH_EXPLICIT_UNKNOWNS
2e0e0b44083da1cd0dea,FACTORY_CORPUS,120,0,9,HipHop Kit 1,DRUM_KIT,PERC,FALLBACK,2,2594,UNKNOWN,14,6,False,,COMPLETE_WITH_EXPLICIT_UNKNOWNS
659ce40a53c423f867cd,FACTORY_CORPUS,120,0,10,Jungle Kit,DRUM_KIT,DRUM,FALLBACK,2,2607,UNKNOWN,15,5,False,,COMPLETE_WITH_EXPLICIT_UNKNOWNS
dee09e00d7949cc1dd10,FACTORY_CORPUS,120,0,11,Techno Kit 1,DRUM_KIT,DRUM,LIMITED,4,4338,UNKNOWN,15,5,False,,COMPLETE_WITH_EXPLICIT_UNKNOWNS
74a209df6055212cd44c,FACTORY_CORPUS,120,0,12,Room Kit 2,DRUM_KIT,DRUM,FALLBACK,2,1117,UNKNOWN,15,5,False,,COMPLETE_WITH_EXPLICIT_UNKNOWNS
ebe0b74cabb145c268b6,FACTORY_CORPUS,120,0,13,HipHop Kit 2,DRUM_KIT,PERC,GOOD,6,3629,CONTEXT_DEPENDENT,15,5,False,,COMPLETE_WITH_EXPLICIT_UNKNOWNS
24cbf7112ebd4929afda,FACTORY_CORPUS,120,0,15,Techno Kit 3,DRUM_KIT,PERC,LIMITED,3,4271,UNKNOWN,15,5,False,,COMPLETE_WITH_EXPLICIT_UNKNOWNS
6a2066330e086dd2f423,FACTORY_CORPUS,120,0,17,Power Kit 2,DRUM_KIT,PERC,FALLBACK,1,1769,UNKNOWN,15,5,False,,COMPLETE_WITH_EXPLICIT_UNKNOWNS
55d92943e7436920625b,FACTORY_CORPUS,120,0,18,Power Kit RX1,DRUM_KIT,DRUM,LIMITED,3,1059,UNKNOWN,14,6,False,,COMPLETE_WITH_EXPLICIT_UNKNOWNS
3056f100b3055e881db5,FACTORY_CORPUS,120,0,19,Power Kit RX2,DRUM_KIT,PERC,FALLBACK,1,1182,UNKNOWN,15,5,False,,COMPLETE_WITH_EXPLICIT_UNKNOWNS
a102ed5ce9579c9ed81b,FACTORY_CORPUS,120,0,26,House Kit 1,DRUM_KIT,DRUM,GOOD,6,7740,MODERATE,15,5,False,,COMPLETE_WITH_EXPLICIT_UNKNOWNS
83e22ca3ee37b8490761,FACTORY_CORPUS,120,0,27,House Kit 2,DRUM_KIT,DRUM,GOOD,6,9085,CONTEXT_DEPENDENT,15,5,False,,COMPLETE_WITH_EXPLICIT_UNKNOWNS
07a592bf34fc24b2bd32,FACTORY_CORPUS,120,0,28,House Kit 3,DRUM_KIT,PERC,GOOD,7,5422,CONTEXT_DEPENDENT,15,5,False,,COMPLETE_WITH_EXPLICIT_UNKNOWNS
780ecda3fd1e33acf722,FACTORY_CORPUS,120,0,30,House Kit RX1,DRUM_KIT,DRUM,STRONG,10,15297,CONTEXT_DEPENDENT,15,5,False,,COMPLETE_WITH_EXPLICIT_UNKNOWNS
ea7e3af2e67b2df9ef41,FACTORY_CORPUS,120,0,31,House Kit RX2,DRUM_KIT,PERC,GOOD,7,8317,CONTEXT_DEPENDENT,15,5,False,,COMPLETE_WITH_EXPLICIT_UNKNOWNS
9c0d511099e8a6556a62,FACTORY_CORPUS,120,0,32,Jazz Kit GM,DRUM_KIT,DRUM,LIMITED,3,1859,UNKNOWN,14,6,False,,COMPLETE_WITH_EXPLICIT_UNKNOWNS
3e30ac02bb10cc6e0090,FACTORY_CORPUS,120,0,33,Jazz Kit RX1,DRUM_KIT,DRUM,STRONG,25,31851,CONTEXT_DEPENDENT,15,5,False,,COMPLETE_WITH_EXPLICIT_UNKNOWNS
f43a3cac5ee1e3b368ba,FACTORY_CORPUS,120,0,34,Jazz Kit RX2,DRUM_KIT,DRUM,STRONG,32,42237,CONTEXT_DEPENDENT,16,4,False,,COMPLETE_WITH_EXPLICIT_UNKNOWNS
dbe602cca69a11e0e71a,FACTORY_CORPUS,120,0,35,Jazz Kit RX2,DRUM_KIT,DRUM,FALLBACK,1,53,UNKNOWN,14,6,False,,COMPLETE_WITH_EXPLICIT_UNKNOWNS
637c1f73e6bb465b81ed,FACTORY_CORPUS,120,0,35,Jazz Kit RX3,DRUM_KIT,DRUM,GOOD,5,6509,CONTEXT_DEPENDENT,15,5,False,,COMPLETE_WITH_EXPLICIT_UNKNOWNS
c6a446c41f8c24d54a21,FACTORY_CORPUS,120,0,41,Brush Kit 2,DRUM_KIT,DRUM,STRONG,10,11276,CONTEXT_DEPENDENT,15,5,False,,COMPLETE_WITH_EXPLICIT_UNKNOWNS
61d33b89a2da55dbe7c2,FACTORY_CORPUS,120,0,42,Brush Kit RX1,DRUM_KIT,DRUM,STRONG,22,23964,CONTEXT_DEPENDENT,16,4,False,,COMPLETE_WITH_EXPLICIT_UNKNOWNS
778a2a2c43fa4ca2c99b,FACTORY_CORPUS,120,0,43,Brush Kit RX2,DRUM_KIT,DRUM,STRONG,10,12030,CONTEXT_DEPENDENT,15,5,False,,COMPLETE_WITH_EXPLICIT_UNKNOWNS
af1ebab47bbb6db35e83,FACTORY_CORPUS,120,0,48,Orchestra Kit GM,DRUM_KIT,DRUM,GOOD,7,7144,CONTEXT_DEPENDENT,16,4,False,,COMPLETE_WITH_EXPLICIT_UNKNOWNS
27b4e0bba33797aae8f9,FACTORY_CORPUS,120,0,50,Bdrum&Sdrum Kit,DRUM_KIT,PERC,LIMITED,4,2319,UNKNOWN,15,5,False,,COMPLETE_WITH_EXPLICIT_UNKNOWNS
a109e395b61984b71f17,FACTORY_CORPUS,120,0,51,Arabian Kit 1,DRUM_KIT,PERC,FALLBACK,1,1000,UNKNOWN,15,5,False,,COMPLETE_WITH_EXPLICIT_UNKNOWNS
ad88d3c0c37322f42c0b,FACTORY_CORPUS,120,0,56,SFX Kit GM,DRUM_KIT,PERC,FALLBACK,1,915,UNKNOWN,15,5,False,,COMPLETE_WITH_EXPLICIT_UNKNOWNS
1d8e73487ba7968b4741,FACTORY_CORPUS,120,0,57,SFX Kit 2,DRUM_KIT,PERC,FALLBACK,1,922,UNKNOWN,15,5,False,,COMPLETE_WITH_EXPLICIT_UNKNOWNS
94dc8b7f915461b8c4bf,FACTORY_CORPUS,120,0,64,Percussion Kit,DRUM_KIT,PERC,STRONG,84,71064,CONTEXT_DEPENDENT,16,4,False,,COMPLETE_WITH_EXPLICIT_UNKNOWNS
25d63fbe03f4b117c7be,FACTORY_CORPUS,120,0,65,Latin Perc. Kit1,DRUM_KIT,PERC,STRONG,15,10966,CONTEXT_DEPENDENT,15,5,False,,COMPLETE_WITH_EXPLICIT_UNKNOWNS
5dd58fc4622a888cb476,FACTORY_CORPUS,120,0,66,Trinity Perc.Kit,DRUM_KIT,PERC,STRONG,36,46114,CONTEXT_DEPENDENT,16,4,False,,COMPLETE_WITH_EXPLICIT_UNKNOWNS
75262399718d5270c98d,FACTORY_CORPUS,120,0,67,i30 Perc. Kit,DRUM_KIT,PERC,GOOD,8,4132,CONTEXT_DEPENDENT,15,5,False,,COMPLETE_WITH_EXPLICIT_UNKNOWNS
72152df011512c11aa1b,FACTORY_CORPUS,120,0,68,Latin Perc. Kit2,DRUM_KIT,PERC,FALLBACK,1,384,UNKNOWN,15,5,False,,COMPLETE_WITH_EXPLICIT_UNKNOWNS
61a93cfcee3c95a89033,FACTORY_CORPUS,120,0,72,Hip Hop Kit RX,DRUM_KIT,DRUM,FALLBACK,2,2097,UNKNOWN,15,5,False,,COMPLETE_WITH_EXPLICIT_UNKNOWNS
e9a973c9a9679c63e57a,FACTORY_CORPUS,120,0,73,Techno Kit RX,DRUM_KIT,DRUM,LIMITED,3,3823,UNKNOWN,15,5,False,,COMPLETE_WITH_EXPLICIT_UNKNOWNS
2f369c46200f45903899,FACTORY_CORPUS,120,0,74,Dance Kit RX,DRUM_KIT,DRUM,FALLBACK,1,1162,UNKNOWN,15,5,False,,COMPLETE_WITH_EXPLICIT_UNKNOWNS
5073b876298f88c4018d,FACTORY_CORPUS,120,0,89,Pop Std. Kit 1,DRUM_KIT,DRUM,STRONG,19,20937,STABLE,15,5,False,,COMPLETE_WITH_EXPLICIT_UNKNOWNS
5074633d63ed4d26c205,FACTORY_CORPUS,120,0,90,Pop Std. Kit 2,DRUM_KIT,DRUM,STRONG,10,10780,MODERATE,14,6,False,,COMPLETE_WITH_EXPLICIT_UNKNOWNS
4a01204d00245905ce92,FACTORY_CORPUS,120,0,96,Elektro Kit 1,DRUM_KIT,DRUM,FALLBACK,2,2974,UNKNOWN,15,5,False,,COMPLETE_WITH_EXPLICIT_UNKNOWNS
ab5e5a55b307b4e8742f,FACTORY_CORPUS,120,0,97,Elektro Kit 2,DRUM_KIT,DRUM,FALLBACK,1,1307,UNKNOWN,14,6,False,,COMPLETE_WITH_EXPLICIT_UNKNOWNS
a62930c00cd8a3f2a24d,FACTORY_CORPUS,120,0,117,Arabian Kit 2,DRUM_KIT,PERC,FALLBACK,2,6023,UNKNOWN,15,5,False,,COMPLETE_WITH_EXPLICIT_UNKNOWNS
9919d6a1db4a4dd679e6,FACTORY_CORPUS,120,0,122,Electro Kit,DRUM_KIT,PERC,FALLBACK,2,883,UNKNOWN,15,5,False,,COMPLETE_WITH_EXPLICIT_UNKNOWNS
5ad8f56e45a4e84af8d4,FACTORY_CORPUS,120,0,123,Analog Kit,DRUM_KIT,PERC,STRONG,12,14508,CONTEXT_DEPENDENT,14,6,False,,COMPLETE_WITH_EXPLICIT_UNKNOWNS
6ce29a1ace3b40b3f104,FACTORY_CORPUS,120,0,125,Brush Kit 1,DRUM_KIT,DRUM,STRONG,11,11255,CONTEXT_DEPENDENT,16,4,False,,COMPLETE_WITH_EXPLICIT_UNKNOWNS
5b80f52a428ee08e9261,FACTORY_CORPUS,121,0,0,AcousticPiano GM,PIANO,ACC1,STRONG,31,15830,CONTEXT_DEPENDENT,15,5,False,,COMPLETE_WITH_EXPLICIT_UNKNOWNS
7d826f149ab5696c8c0d,FACTORY_CORPUS,121,0,1,Bright Piano GM,PIANO,ACC1,GOOD,7,2736,CONTEXT_DEPENDENT,15,5,False,,COMPLETE_WITH_EXPLICIT_UNKNOWNS
be2123faa70b47a32c36,FACTORY_CORPUS,121,0,3,Honky-Tonk GM,PIANO,ACC1,FALLBACK,2,1858,UNKNOWN,15,5,False,,COMPLETE_WITH_EXPLICIT_UNKNOWNS
bd98c5f86aa32e905807,FACTORY_CORPUS,121,0,4,E. Piano 1 GM,PIANO,ACC1,LIMITED,4,1120,UNKNOWN,15,5,False,,COMPLETE_WITH_EXPLICIT_UNKNOWNS
cebd7a7d182642aafd01,FACTORY_CORPUS,121,0,5,E. Piano 2 GM,PIANO,ACC1,LIMITED,3,691,UNKNOWN,15,5,False,,COMPLETE_WITH_EXPLICIT_UNKNOWNS
c1e5653cc6a9adb04784,FACTORY_CORPUS,121,0,7,Clav GM,PIANO,ACC2,FALLBACK,1,282,UNKNOWN,14,6,False,,COMPLETE_WITH_EXPLICIT_UNKNOWNS
70952c9413b559124433,FACTORY_CORPUS,121,0,8,Celesta GM,CHROMATIC_PERC,ACC4,LIMITED,3,594,UNKNOWN,15,5,False,,COMPLETE_WITH_EXPLICIT_UNKNOWNS
df4a63f0d790ffe085a2,FACTORY_CORPUS,121,0,9,Glockenspiel GM,CHROMATIC_PERC,ACC3,LIMITED,4,1297,UNKNOWN,14,6,False,,COMPLETE_WITH_EXPLICIT_UNKNOWNS
dd32d79f1f49e02a808a,FACTORY_CORPUS,121,0,11,Vibraphone 1 GM,CHROMATIC_PERC,ACC3,GOOD,7,1335,CONTEXT_DEPENDENT,14,6,False,,COMPLETE_WITH_EXPLICIT_UNKNOWNS
02c2c267be2fabea8c48,FACTORY_CORPUS,121,0,12,Marimba GM,CHROMATIC_PERC,ACC5,GOOD,7,4999,CONTEXT_DEPENDENT,14,6,False,,COMPLETE_WITH_EXPLICIT_UNKNOWNS
f8919884d4b9692cbb03,FACTORY_CORPUS,121,0,13,Xylophone GM,CHROMATIC_PERC,ACC2,FALLBACK,1,82,UNKNOWN,15,5,False,,COMPLETE_WITH_EXPLICIT_UNKNOWNS
a8a2307ae88b397e5e40,FACTORY_CORPUS,121,0,15,Dulcimer GM,CHROMATIC_PERC,ACC2,FALLBACK,2,12,UNKNOWN,13,7,False,,COMPLETE_WITH_EXPLICIT_UNKNOWNS
ebce546fc530904a40ff,FACTORY_CORPUS,121,0,17,Perc. Organ GM,ORGAN,ACC1,FALLBACK,2,982,UNKNOWN,14,6,False,,COMPLETE_WITH_EXPLICIT_UNKNOWNS
a8cbeea8d68e8f9ee5ae,FACTORY_CORPUS,121,0,21,Accordion GM,ACCORDION_REED,ACC1,LIMITED,3,1281,UNKNOWN,15,5,False,,COMPLETE_WITH_EXPLICIT_UNKNOWNS
73557013c80e1c7d4f3d,FACTORY_CORPUS,121,0,24,Nylon Guitar GM,GUITAR,ACC2,FALLBACK,1,16,UNKNOWN,13,7,False,velocity_triggered_sample_switching,COMPLETE_WITH_EXPLICIT_UNKNOWNS
d7ba088ce039bb68d1bb,FACTORY_CORPUS,121,0,25,Steel Guitar GM,GUITAR,ACC3,FALLBACK,2,493,UNKNOWN,15,5,False,velocity_triggered_sample_switching,COMPLETE_WITH_EXPLICIT_UNKNOWNS
d0d13a032c9012924875,FACTORY_CORPUS,121,0,26,Jazz Guitar GM,GUITAR,ACC1,FALLBACK,2,1585,UNKNOWN,14,6,False,velocity_triggered_sample_switching,COMPLETE_WITH_EXPLICIT_UNKNOWNS
5fb8c85bc748c8137edc,FACTORY_CORPUS,121,0,27,Clean Guitar GM,GUITAR,ACC2,FALLBACK,1,672,UNKNOWN,14,6,False,velocity_triggered_sample_switching,COMPLETE_WITH_EXPLICIT_UNKNOWNS
4eb3ef9f464b116d1d0a,FACTORY_CORPUS,121,0,28,AcousticPiano GM,GUITAR,ACC4,FALLBACK,1,241,UNKNOWN,16,4,False,velocity_triggered_sample_switching,COMPLETE_WITH_EXPLICIT_UNKNOWNS
34e697986f13e5982aab,FACTORY_CORPUS,121,0,28,Muted Guitar GM,GUITAR,ACC4,FALLBACK,1,143,UNKNOWN,15,5,False,velocity_triggered_sample_switching,COMPLETE_WITH_EXPLICIT_UNKNOWNS
ead2527b8217ac4c4955,FACTORY_CORPUS,121,0,32,Acoustic Bass GM,BASS,BASS,STRONG,17,4493,CONTEXT_DEPENDENT,15,5,False,,COMPLETE_WITH_EXPLICIT_UNKNOWNS
022155d868a4f8f7c740,FACTORY_CORPUS,121,0,33,Finger Bass GM,BASS,BASS,STRONG,31,11038,CONTEXT_DEPENDENT,15,5,False,,COMPLETE_WITH_EXPLICIT_UNKNOWNS
9e37cd793eea5c12a83e,FACTORY_CORPUS,121,0,34,Picked E.Bass GM,BASS,BASS,LIMITED,4,1912,UNKNOWN,15,5,False,,COMPLETE_WITH_EXPLICIT_UNKNOWNS
dbdafb757c708c03e557,FACTORY_CORPUS,121,0,35,Fretless Bass GM,BASS,BASS,LIMITED,4,715,UNKNOWN,16,4,False,,COMPLETE_WITH_EXPLICIT_UNKNOWNS
08efd6713e1f9a3ad347,FACTORY_CORPUS,121,0,38,Synth Bass 1 GM,BASS,BASS,FALLBACK,1,42,UNKNOWN,14,6,False,,COMPLETE_WITH_EXPLICIT_UNKNOWNS
454b46d046ccaed1e5da,FACTORY_CORPUS,121,0,39,Synth Bass 2 GM,BASS,BASS,FALLBACK,2,256,UNKNOWN,14,6,False,,COMPLETE_WITH_EXPLICIT_UNKNOWNS
ef8a33a86e9a52a2795e,FACTORY_CORPUS,121,0,45,Pizzicato Str.GM,STRINGS,ACC3,LIMITED,3,596,UNKNOWN,14,6,False,,COMPLETE_WITH_EXPLICIT_UNKNOWNS
25fcdedbe6271e7510ec,FACTORY_CORPUS,121,0,46,Harp GM,STRINGS,ACC2,GOOD,6,2370,CONTEXT_DEPENDENT,15,5,False,,COMPLETE_WITH_EXPLICIT_UNKNOWNS
d528a9f842182894773b,FACTORY_CORPUS,121,0,47,Timpani GM,STRINGS,BASS,LIMITED,4,344,UNKNOWN,15,5,False,,COMPLETE_WITH_EXPLICIT_UNKNOWNS
c1a5593554f4cb7c6819,FACTORY_CORPUS,121,0,48,Strings Ens.1 GM,ENSEMBLE,ACC4,GOOD,8,1305,CONTEXT_DEPENDENT,15,5,False,,COMPLETE_WITH_EXPLICIT_UNKNOWNS
01ca3b7b3fdb9619dff6,FACTORY_CORPUS,121,0,49,Strings Ens.2 GM,ENSEMBLE,ACC5,FALLBACK,1,2,UNKNOWN,10,10,False,,COMPLETE_WITH_EXPLICIT_UNKNOWNS
8d954cb2cc75d37f1499,FACTORY_CORPUS,121,0,50,Synth Strings1GM,ENSEMBLE,ACC4,GOOD,9,1259,INSUFFICIENT_SPLIT_SUPPORT,16,4,False,,COMPLETE_WITH_EXPLICIT_UNKNOWNS
5987cf198f35f08a26f0,FACTORY_CORPUS,121,0,52,Choir Aahs GM,ENSEMBLE,ACC4,FALLBACK,2,166,UNKNOWN,14,6,False,,COMPLETE_WITH_EXPLICIT_UNKNOWNS
a771693e6fb455410cbb,FACTORY_CORPUS,121,0,54,Synth Voice GM,ENSEMBLE,ACC4,FALLBACK,1,96,UNKNOWN,14,6,False,,COMPLETE_WITH_EXPLICIT_UNKNOWNS
301d3833bc7464647197,FACTORY_CORPUS,121,0,59,Mute Trumpet GM,BRASS,ACC3,FALLBACK,2,320,UNKNOWN,15,5,False,,COMPLETE_WITH_EXPLICIT_UNKNOWNS
4d5159284f75fed22106,FACTORY_CORPUS,121,0,60,French Horn GM,BRASS,ACC2,LIMITED,3,346,UNKNOWN,15,5,False,,COMPLETE_WITH_EXPLICIT_UNKNOWNS
7adaa86cd0f719f39698,FACTORY_CORPUS,121,0,66,Tenor Sax GM,REED,ACC4,FALLBACK,1,511,UNKNOWN,15,5,False,,COMPLETE_WITH_EXPLICIT_UNKNOWNS
78694d6b9688a879b514,FACTORY_CORPUS,121,0,67,Baritone Sax GM,REED,ACC4,FALLBACK,1,215,UNKNOWN,16,4,False,,COMPLETE_WITH_EXPLICIT_UNKNOWNS
c658b5033afcb3f54f26,FACTORY_CORPUS,121,0,70,Bassoon GM,REED,ACC3,FALLBACK,1,72,UNKNOWN,14,6,False,,COMPLETE_WITH_EXPLICIT_UNKNOWNS
158dffd77e29c2a00905,FACTORY_CORPUS,121,0,73,Flute GM,PIPE,ACC1,FALLBACK,1,48,UNKNOWN,13,7,False,,COMPLETE_WITH_EXPLICIT_UNKNOWNS
6d48aeb3c520532a4c1e,FACTORY_CORPUS,121,0,76,Blown Bottle GM,PIPE,ACC5,FALLBACK,1,402,UNKNOWN,14,6,False,,COMPLETE_WITH_EXPLICIT_UNKNOWNS
09db656dd4a9d879d1d9,FACTORY_CORPUS,121,0,81,Lead Saw GM,SYNTH_LEAD,ACC2,FALLBACK,1,1046,UNKNOWN,14,6,False,,COMPLETE_WITH_EXPLICIT_UNKNOWNS
0905dd9311a0a53e55ac,FACTORY_CORPUS,121,0,86,Fifths Lead GM,SYNTH_LEAD,ACC3,FALLBACK,1,73,UNKNOWN,13,7,False,,COMPLETE_WITH_EXPLICIT_UNKNOWNS
3098c8e5f48a14d46d32,FACTORY_CORPUS,121,0,88,New Age Pad GM,SYNTH_PAD,ACC3,FALLBACK,1,126,UNKNOWN,14,6,False,,COMPLETE_WITH_EXPLICIT_UNKNOWNS
e7568ec32fa10857a92d,FACTORY_CORPUS,121,0,93,Metallic Pad GM,SYNTH_PAD,ACC1,FALLBACK,1,4,UNKNOWN,12,8,False,,COMPLETE_WITH_EXPLICIT_UNKNOWNS
734256d4fde6efb8e21b,FACTORY_CORPUS,121,0,94,Halo Pad GM,SYNTH_PAD,ACC4,FALLBACK,1,88,UNKNOWN,14,6,False,,COMPLETE_WITH_EXPLICIT_UNKNOWNS
2f2e3ba04e1f6e07e96c,FACTORY_CORPUS,121,0,95,Sweep Pad GM,SYNTH_PAD,ACC4,FALLBACK,1,120,UNKNOWN,14,6,False,,COMPLETE_WITH_EXPLICIT_UNKNOWNS
507badc116d1a6e9f5dc,FACTORY_CORPUS,121,0,98,Crystal GM,SYNTH_FX,ACC2,FALLBACK,1,77,UNKNOWN,14,6,False,,COMPLETE_WITH_EXPLICIT_UNKNOWNS
5f823643dcd30772907b,FACTORY_CORPUS,121,0,99,Atmosphere GM,SYNTH_FX,ACC1,FALLBACK,2,42,UNKNOWN,13,7,False,,COMPLETE_WITH_EXPLICIT_UNKNOWNS
28a687de1be74c690a67,FACTORY_CORPUS,121,0,100,Brightness GM,SYNTH_FX,ACC3,FALLBACK,1,598,UNKNOWN,14,6,False,,COMPLETE_WITH_EXPLICIT_UNKNOWNS
83e1e11873e84c146901,FACTORY_CORPUS,121,0,105,Banjo GM,ETHNIC,ACC3,FALLBACK,2,1851,UNKNOWN,14,6,False,,COMPLETE_WITH_EXPLICIT_UNKNOWNS
94bd1425b474a7dbc8f4,FACTORY_CORPUS,121,0,106,Shamisen GM,ETHNIC,ACC2,FALLBACK,2,791,UNKNOWN,15,5,False,,COMPLETE_WITH_EXPLICIT_UNKNOWNS
fba2f058e65f2b8f83eb,FACTORY_CORPUS,121,0,110,Fiddle GM,ETHNIC,ACC4,FALLBACK,2,1112,UNKNOWN,15,5,False,,COMPLETE_WITH_EXPLICIT_UNKNOWNS
1cc098c6a9e085f41971,FACTORY_CORPUS,121,0,112,Tinkle Bell GM,PERCUSSIVE,ACC5,FALLBACK,1,204,UNKNOWN,14,6,False,,COMPLETE_WITH_EXPLICIT_UNKNOWNS
49523b6a5a0eebdb250c,FACTORY_CORPUS,121,0,116,Taiko Drum GM,PERCUSSIVE,ACC3,FALLBACK,1,30,UNKNOWN,11,9,False,,COMPLETE_WITH_EXPLICIT_UNKNOWNS
e4addb542ed1378c6ec4,FACTORY_CORPUS,121,0,120,Gtr FretNoise GM,SFX,ACC4,FALLBACK,1,202,UNKNOWN,14,6,False,,COMPLETE_WITH_EXPLICIT_UNKNOWNS
2e7c0d8225d26bdc6689,FACTORY_CORPUS,121,1,0,Ac. Piano Wide,PIANO,ACC1,GOOD,5,2935,INSUFFICIENT_SPLIT_SUPPORT,15,5,False,,COMPLETE_WITH_EXPLICIT_UNKNOWNS
f860a3096d855641a0ff,FACTORY_CORPUS,121,1,1,Bright PianoWide,PIANO,ACC1,FALLBACK,2,1331,UNKNOWN,14,6,False,,COMPLETE_WITH_EXPLICIT_UNKNOWNS
0139483d998aee2599f7,FACTORY_CORPUS,121,1,4,Detuned EP 1,PIANO,ACC1,LIMITED,4,572,UNKNOWN,15,5,False,,COMPLETE_WITH_EXPLICIT_UNKNOWNS
a2a7233360a5d1f84fd9,FACTORY_CORPUS,121,1,5,Detuned EP 2,PIANO,ACC1,FALLBACK,2,16,UNKNOWN,10,10,False,,COMPLETE_WITH_EXPLICIT_UNKNOWNS
b355143d2608069fe9fc,FACTORY_CORPUS,121,1,7,Pulse Clav,PIANO,ACC2,FALLBACK,2,812,UNKNOWN,14,6,False,,COMPLETE_WITH_EXPLICIT_UNKNOWNS
3b498720287f6c123fd0,FACTORY_CORPUS,121,1,11,Vibrap. Wide,CHROMATIC_PERC,ACC2,GOOD,5,619,INSUFFICIENT_SPLIT_SUPPORT,14,6,False,,COMPLETE_WITH_EXPLICIT_UNKNOWNS
87f66f0556fd72a5ee04,FACTORY_CORPUS,121,1,15,Santur,CHROMATIC_PERC,ACC4,FALLBACK,1,96,UNKNOWN,14,6,False,,COMPLETE_WITH_EXPLICIT_UNKNOWNS
7f58deda2efe7eeadbc0,FACTORY_CORPUS,121,1,17,Det. Perc. Organ,ORGAN,ACC2,FALLBACK,2,523,UNKNOWN,14,6,False,,COMPLETE_WITH_EXPLICIT_UNKNOWNS
58f5c56748d85d6f3983,FACTORY_CORPUS,121,1,20,Puff Organ,ORGAN,ACC5,FALLBACK,1,129,UNKNOWN,14,6,False,,COMPLETE_WITH_EXPLICIT_UNKNOWNS
13af61a94fe8b7278920,FACTORY_CORPUS,121,1,22,Sweet Harmonica,ACCORDION_REED,ACC4,GOOD,7,1162,CONTEXT_DEPENDENT,15,5,False,,COMPLETE_WITH_EXPLICIT_UNKNOWNS
f433c4a54e15a06a4c65,FACTORY_CORPUS,121,1,23,Fisa Tango!,ORGAN,ACC3,FALLBACK,1,857,UNKNOWN,14,6,False,,COMPLETE_WITH_EXPLICIT_UNKNOWNS
e06b0563ce478840e645,FACTORY_CORPUS,121,1,25,12 Strings Gtr,GUITAR,ACC1,FALLBACK,1,2,UNKNOWN,10,10,False,velocity_triggered_sample_switching,COMPLETE_WITH_EXPLICIT_UNKNOWNS
c89079a3b25d7d087c19,FACTORY_CORPUS,121,1,26,Pedal Steel Gtr1,GUITAR,ACC3,STRONG,10,4173,CONTEXT_DEPENDENT,16,4,False,velocity_triggered_sample_switching,COMPLETE_WITH_EXPLICIT_UNKNOWNS
68c3346a044d821a08b3,FACTORY_CORPUS,121,1,28,Funky Cut Gtr,GUITAR,ACC1,FALLBACK,1,1910,UNKNOWN,15,5,False,velocity_triggered_sample_switching,COMPLETE_WITH_EXPLICIT_UNKNOWNS
27fbbc0daa625bc616d1,FACTORY_CORPUS,121,1,29,Guitar Pinch,GUITAR,ACC1,FALLBACK,1,303,UNKNOWN,16,4,False,velocity_triggered_sample_switching,COMPLETE_WITH_EXPLICIT_UNKNOWNS
fd76b415ec2ebf9e20b7,FACTORY_CORPUS,121,1,32,Ac. Bass Buzz,BASS,BASS,LIMITED,3,1437,UNKNOWN,16,4,False,,COMPLETE_WITH_EXPLICIT_UNKNOWNS
2343162e1b5fa714d0e5,FACTORY_CORPUS,121,1,34,Picked E.Bass 2,BASS,BASS,LIMITED,4,1847,UNKNOWN,15,5,False,,COMPLETE_WITH_EXPLICIT_UNKNOWNS
2d7ba9779159f6eb8998,FACTORY_CORPUS,121,1,35,Fretless Bass 2,BASS,BASS,GOOD,7,2690,CONTEXT_DEPENDENT,15,5,False,,COMPLETE_WITH_EXPLICIT_UNKNOWNS
0808e5e5838e7e1cdf64,FACTORY_CORPUS,121,1,45,Pizz. Ensemble,STRINGS,ACC1,GOOD,5,2211,INSUFFICIENT_SPLIT_SUPPORT,15,5,False,,COMPLETE_WITH_EXPLICIT_UNKNOWNS
ef0f6e2d358ee77c1d5b,FACTORY_CORPUS,121,1,49,Sweeper Strings,ENSEMBLE,ACC2,FALLBACK,1,170,UNKNOWN,14,6,False,,COMPLETE_WITH_EXPLICIT_UNKNOWNS
d3e6fc3c265033057421,FACTORY_CORPUS,121,1,50,Synth Strings 3,ENSEMBLE,ACC4,FALLBACK,1,200,UNKNOWN,14,6,False,,COMPLETE_WITH_EXPLICIT_UNKNOWNS
154e4f1fac6259fb7c84,FACTORY_CORPUS,121,1,52,Choir Aahs 2,ENSEMBLE,ACC4,LIMITED,3,299,UNKNOWN,15,5,False,,COMPLETE_WITH_EXPLICIT_UNKNOWNS
eed18f568638061b3470,FACTORY_CORPUS,121,1,53,Humming,ENSEMBLE,ACC4,FALLBACK,1,48,UNKNOWN,13,7,False,,COMPLETE_WITH_EXPLICIT_UNKNOWNS
699310439d6e179dbbd3,FACTORY_CORPUS,121,1,57,Trombone 2,BRASS,ACC4,FALLBACK,1,145,UNKNOWN,14,6,False,,COMPLETE_WITH_EXPLICIT_UNKNOWNS
570f4d810ce2cd0e7abc,FACTORY_CORPUS,121,1,58,Oberkr. Tuba,BRASS,BASS,GOOD,5,1228,STABLE,16,4,False,,COMPLETE_WITH_EXPLICIT_UNKNOWNS
f9ccfa53cc6d292e3d3a,FACTORY_CORPUS,121,1,60,French Horn 2,BRASS,ACC1,FALLBACK,2,796,UNKNOWN,14,6,False,,COMPLETE_WITH_EXPLICIT_UNKNOWNS
7936a2984f654ee1fbf0,FACTORY_CORPUS,121,1,61,Brass Section 2,BRASS,ACC3,FALLBACK,1,76,UNKNOWN,12,8,False,,COMPLETE_WITH_EXPLICIT_UNKNOWNS
002a2d19ca285045cb2d,FACTORY_CORPUS,121,1,65,Alto Breath,REED,ACC2,FALLBACK,1,908,UNKNOWN,15,5,False,,COMPLETE_WITH_EXPLICIT_UNKNOWNS
8607911861513a49144f,FACTORY_CORPUS,121,1,66,Tenor Sax Noise1,REED,ACC1,GOOD,5,3006,CONTEXT_DEPENDENT,15,5,False,,COMPLETE_WITH_EXPLICIT_UNKNOWNS
71e757c840c0a2da0941,FACTORY_CORPUS,121,1,71,Jazz Clarinet,REED,ACC5,STRONG,10,2925,MODERATE,15,5,False,,COMPLETE_WITH_EXPLICIT_UNKNOWNS
ca89a33c5e97c0374099,FACTORY_CORPUS,121,1,73,Jazz Flute Expr.,PIPE,ACC3,LIMITED,3,570,UNKNOWN,15,5,False,,COMPLETE_WITH_EXPLICIT_UNKNOWNS
6c8a2c9eaa12267c33f6,FACTORY_CORPUS,121,1,81,Lead Saw 2,SYNTH_LEAD,ACC3,FALLBACK,1,326,UNKNOWN,15,5,False,,COMPLETE_WITH_EXPLICIT_UNKNOWNS
b6759d335c18d9f9fe27,FACTORY_CORPUS,121,1,88,Virtual Traveler,SYNTH_PAD,ACC2,FALLBACK,1,119,UNKNOWN,14,6,False,,COMPLETE_WITH_EXPLICIT_UNKNOWNS
35991bd770faa518c2a8,FACTORY_CORPUS,121,1,93,Cosmic,SYNTH_PAD,ACC2,FALLBACK,1,86,UNKNOWN,15,5,False,,COMPLETE_WITH_EXPLICIT_UNKNOWNS
265432af2d0ae701147e,FACTORY_CORPUS,121,1,96,Motion Ocean,SYNTH_FX,ACC5,FALLBACK,1,16,UNKNOWN,12,8,False,,COMPLETE_WITH_EXPLICIT_UNKNOWNS
b310bf84ae58f3455d20,FACTORY_CORPUS,121,1,105,Banjo Key Off,ETHNIC,ACC5,FALLBACK,1,159,UNKNOWN,14,6,False,,COMPLETE_WITH_EXPLICIT_UNKNOWNS
a63ba2703ff2f133fd77,FACTORY_CORPUS,121,1,108,Kalimba 2,ETHNIC,ACC2,FALLBACK,1,349,UNKNOWN,14,6,False,,COMPLETE_WITH_EXPLICIT_UNKNOWNS
3700b002b1c432cbc78b,FACTORY_CORPUS,121,1,115,Castanets,PERCUSSIVE,PERC,FALLBACK,1,1894,UNKNOWN,14,6,False,,COMPLETE_WITH_EXPLICIT_UNKNOWNS
b81c24197bc0d3d1484f,FACTORY_CORPUS,121,1,126,Laughing,SFX,ACC3,FALLBACK,1,85,UNKNOWN,14,6,False,,COMPLETE_WITH_EXPLICIT_UNKNOWNS
470fc2fecc7e68acb146,FACTORY_CORPUS,121,2,0,Ac. Piano Dark,PIANO,ACC1,FALLBACK,2,389,UNKNOWN,15,5,False,,COMPLETE_WITH_EXPLICIT_UNKNOWNS
c4d15aeec23e2d76ac69,FACTORY_CORPUS,121,2,1,Piano Pad 1,SYNTH_PAD,ACC1,FALLBACK,1,432,UNKNOWN,15,5,False,,COMPLETE_WITH_EXPLICIT_UNKNOWNS
87185a5b436a879072cd,FACTORY_CORPUS,121,2,2,M1 Piano,PIANO,ACC1,FALLBACK,1,310,UNKNOWN,14,6,False,,COMPLETE_WITH_EXPLICIT_UNKNOWNS
afb76e17f56a5ebff1a5,FACTORY_CORPUS,121,2,4,EP1 Veloc.sw,PIANO,ACC1,LIMITED,3,545,UNKNOWN,14,6,False,,COMPLETE_WITH_EXPLICIT_UNKNOWNS
23376df551237beacfa5,FACTORY_CORPUS,121,2,7,Clav Wah RX,PIANO,ACC3,FALLBACK,1,611,UNKNOWN,15,5,False,,COMPLETE_WITH_EXPLICIT_UNKNOWNS
d5ad02c8bf3455e60f86,FACTORY_CORPUS,121,2,11,Vibraphone 2,CHROMATIC_PERC,ACC4,FALLBACK,1,80,UNKNOWN,14,6,False,,COMPLETE_WITH_EXPLICIT_UNKNOWNS
d47c4fe196372026a32c,FACTORY_CORPUS,121,2,17,Perc. Organ 2,ORGAN,ACC2,FALLBACK,1,87,UNKNOWN,14,6,False,,COMPLETE_WITH_EXPLICIT_UNKNOWNS
37a2aa694f3ab1fc45d3,FACTORY_CORPUS,121,2,18,Killer B,ORGAN,ACC4,FALLBACK,1,51,UNKNOWN,14,6,False,,COMPLETE_WITH_EXPLICIT_UNKNOWNS
5af072bd16b51eed5b67,FACTORY_CORPUS,121,2,20,Small Pipe,ORGAN,ACC2,FALLBACK,1,56,UNKNOWN,14,6,False,,COMPLETE_WITH_EXPLICIT_UNKNOWNS
c8d92949eab0c20a65a3,FACTORY_CORPUS,121,2,21,Akordeon,ORGAN,ACC2,LIMITED,4,4866,UNKNOWN,14,6,False,,COMPLETE_WITH_EXPLICIT_UNKNOWNS
21850739f9082959f95e,FACTORY_CORPUS,121,2,23,"Accordion 16,8'",ACCORDION_REED,ACC3,FALLBACK,1,362,UNKNOWN,14,6,False,,COMPLETE_WITH_EXPLICIT_UNKNOWNS
ee40c1adc3187730b466,FACTORY_CORPUS,121,2,26,Club Jazz Gtr 1,GUITAR,ACC2,GOOD,7,4863,CONTEXT_DEPENDENT,15,5,False,velocity_triggered_sample_switching,COMPLETE_WITH_EXPLICIT_UNKNOWNS
0f078eae531cb93963d8,FACTORY_CORPUS,121,2,27,Club Jazz Gtr 1,GUITAR,ACC5,FALLBACK,1,8,UNKNOWN,13,7,False,velocity_triggered_sample_switching,COMPLETE_WITH_EXPLICIT_UNKNOWNS
8ac4dc084afafbc62213,FACTORY_CORPUS,121,2,28,Mute Vel. Gtr,GUITAR,ACC3,LIMITED,3,1613,UNKNOWN,15,5,False,velocity_triggered_sample_switching,COMPLETE_WITH_EXPLICIT_UNKNOWNS
1eeba24bc72d7d9332aa,FACTORY_CORPUS,121,2,31,E.Gtr Harmonics,GUITAR,ACC2,FALLBACK,1,460,UNKNOWN,13,7,False,velocity_triggered_sample_switching,COMPLETE_WITH_EXPLICIT_UNKNOWNS
a5b8879c1bf2d8278fa6,FACTORY_CORPUS,121,2,33,Finger E.Bass1,BASS,BASS,LIMITED,4,1990,UNKNOWN,15,5,False,,COMPLETE_WITH_EXPLICIT_UNKNOWNS
651bdc5229521bc8893b,FACTORY_CORPUS,121,2,34,Picked E.Bass 3,BASS,BASS,GOOD,9,2316,CONTEXT_DEPENDENT,15,5,False,,COMPLETE_WITH_EXPLICIT_UNKNOWNS
e561b14e032184b0723e,FACTORY_CORPUS,121,2,35,Fretless Bass 3,BASS,ACC4,FALLBACK,1,9,UNKNOWN,14,6,False,,COMPLETE_WITH_EXPLICIT_UNKNOWNS
fcbf4395859bedfbcd52,FACTORY_CORPUS,121,2,38,Syn Bass Reso,BASS,BASS,FALLBACK,1,128,UNKNOWN,15,5,False,,COMPLETE_WITH_EXPLICIT_UNKNOWNS
aeeb393faeeefc3958a5,FACTORY_CORPUS,121,2,40,Violin Expr. 1,STRINGS,ACC5,LIMITED,3,1408,UNKNOWN,15,5,False,,COMPLETE_WITH_EXPLICIT_UNKNOWNS
d7e9df84da4614e3db7d,FACTORY_CORPUS,121,2,45,Pizz. Section,STRINGS,ACC4,FALLBACK,1,19,UNKNOWN,12,8,False,,COMPLETE_WITH_EXPLICIT_UNKNOWNS
c409ba549426d1bb933a,FACTORY_CORPUS,121,2,48,60's Strings,ENSEMBLE,ACC3,FALLBACK,1,15,UNKNOWN,12,8,False,,COMPLETE_WITH_EXPLICIT_UNKNOWNS
1456e3bc9aaa03bc46e1,FACTORY_CORPUS,121,2,49,Full Strings,ENSEMBLE,ACC5,GOOD,6,736,CONTEXT_DEPENDENT,15,5,False,,COMPLETE_WITH_EXPLICIT_UNKNOWNS
70181f477a7f1cf5d250,FACTORY_CORPUS,121,2,50,Analog Strings 2,ENSEMBLE,ACC3,STRONG,34,4195,STABLE,16,4,False,,COMPLETE_WITH_EXPLICIT_UNKNOWNS
3c973f9347e3dac22581,FACTORY_CORPUS,121,2,52,Ooh Voices,ENSEMBLE,ACC3,GOOD,5,478,INSUFFICIENT_SPLIT_SUPPORT,15,5,False,,COMPLETE_WITH_EXPLICIT_UNKNOWNS
95c49196ca3853e12b63,FACTORY_CORPUS,121,2,54,Vocalesque,ENSEMBLE,ACC4,FALLBACK,2,141,UNKNOWN,14,6,False,,COMPLETE_WITH_EXPLICIT_UNKNOWNS
8faa4986bcfe176222ed,FACTORY_CORPUS,121,2,56,Trumpet Overb.,BRASS,ACC3,FALLBACK,1,937,UNKNOWN,14,6,False,,COMPLETE_WITH_EXPLICIT_UNKNOWNS
1b2fe09fc9422cdc20a5,FACTORY_CORPUS,121,2,58,Tuba Gold,BRASS,BASS,FALLBACK,1,492,UNKNOWN,14,6,False,,COMPLETE_WITH_EXPLICIT_UNKNOWNS
cad011ef4c0d00ef1b33,FACTORY_CORPUS,121,2,59,Wah Trumpet,BRASS,ACC3,GOOD,5,757,MODERATE,15,5,False,,COMPLETE_WITH_EXPLICIT_UNKNOWNS
625193228d271ebdf70b,FACTORY_CORPUS,121,2,60,French Section,BRASS,ACC1,FALLBACK,2,854,UNKNOWN,14,6,False,,COMPLETE_WITH_EXPLICIT_UNKNOWNS
f9bd5fc245253f46ecaa,FACTORY_CORPUS,121,2,61,Tight Brass 3,BRASS,ACC4,STRONG,11,5146,CONTEXT_DEPENDENT,15,5,False,,COMPLETE_WITH_EXPLICIT_UNKNOWNS
beaca80f7fba1955c784,FACTORY_CORPUS,121,2,64,Soprano Pro,REED,ACC5,FALLBACK,1,46,UNKNOWN,13,7,False,,COMPLETE_WITH_EXPLICIT_UNKNOWNS
5e640b4be0971f145235,FACTORY_CORPUS,121,2,65,Sax Ensemble,REED,ACC2,GOOD,5,1258,MODERATE,15,5,False,,COMPLETE_WITH_EXPLICIT_UNKNOWNS
43d6d3e504088abe8ae2,FACTORY_CORPUS,121,2,73,Flute Switch,PIPE,ACC5,FALLBACK,2,537,UNKNOWN,14,6,False,,COMPLETE_WITH_EXPLICIT_UNKNOWNS
c57354d057c1e3975bab,FACTORY_CORPUS,121,2,80,Lead Sine,SYNTH_LEAD,ACC3,FALLBACK,1,134,UNKNOWN,15,5,False,,COMPLETE_WITH_EXPLICIT_UNKNOWNS
dfd7cdc6ed4532883d61,FACTORY_CORPUS,121,2,81,Lead Saw Pulse,SYNTH_LEAD,ACC5,FALLBACK,1,147,UNKNOWN,15,5,False,,COMPLETE_WITH_EXPLICIT_UNKNOWNS
57035f7ff0d8132c9c7d,FACTORY_CORPUS,121,2,84,Synchro City,SYNTH_LEAD,ACC2,FALLBACK,1,36,UNKNOWN,13,7,False,,COMPLETE_WITH_EXPLICIT_UNKNOWNS
49e3db48f03e2f7f9057,FACTORY_CORPUS,121,2,87,Electro Lead,SYNTH_LEAD,ACC4,FALLBACK,2,1149,UNKNOWN,15,5,False,,COMPLETE_WITH_EXPLICIT_UNKNOWNS
b4bc3fe3b511ef29f730,FACTORY_CORPUS,121,2,89,Master Pad,SYNTH_PAD,ACC5,LIMITED,3,392,UNKNOWN,14,6,False,,COMPLETE_WITH_EXPLICIT_UNKNOWNS
bdc3da9dfc3c658149f1,FACTORY_CORPUS,121,2,90,Sky Watcher,SYNTH_PAD,ACC1,FALLBACK,2,469,UNKNOWN,15,5,False,,COMPLETE_WITH_EXPLICIT_UNKNOWNS
4891f864c0afb7254839,FACTORY_CORPUS,121,2,91,Fresh Air 1,SYNTH_PAD,ACC5,FALLBACK,3,42,UNKNOWN,12,8,False,,COMPLETE_WITH_EXPLICIT_UNKNOWNS
82ebc60c886244b45dcd,FACTORY_CORPUS,121,2,93,80's Pop Synth,SYNTH_PAD,ACC4,FALLBACK,1,221,UNKNOWN,14,6,False,,COMPLETE_WITH_EXPLICIT_UNKNOWNS
d6f44c2e31c764d63038,FACTORY_CORPUS,121,2,97,Reso Down,SYNTH_FX,ACC5,FALLBACK,1,19,UNKNOWN,12,8,False,,COMPLETE_WITH_EXPLICIT_UNKNOWNS
228f707ecb97435be36d,FACTORY_CORPUS,121,2,101,Digi Ice Pad,SYNTH_PAD,ACC3,FALLBACK,1,123,UNKNOWN,13,7,False,,COMPLETE_WITH_EXPLICIT_UNKNOWNS
97ef38dfea6ab5a1c45c,FACTORY_CORPUS,121,2,102,Echo Pan,SYNTH_FX,ACC5,FALLBACK,2,1311,UNKNOWN,14,6,False,,COMPLETE_WITH_EXPLICIT_UNKNOWNS
cf374dc475050cbe02e6,FACTORY_CORPUS,121,2,105,Oud 2,ETHNIC,ACC2,FALLBACK,1,523,UNKNOWN,14,6,False,,COMPLETE_WITH_EXPLICIT_UNKNOWNS
a85f4663660b9a013a67,FACTORY_CORPUS,121,2,111,Hichiriki,ETHNIC,ACC4,FALLBACK,1,149,UNKNOWN,15,5,False,,COMPLETE_WITH_EXPLICIT_UNKNOWNS
090ff396e8310977a587,FACTORY_CORPUS,121,2,120,Ac. Bass String,SFX,ACC5,FALLBACK,1,420,UNKNOWN,14,6,False,,COMPLETE_WITH_EXPLICIT_UNKNOWNS
78fd75b5a97973d61e10,FACTORY_CORPUS,121,3,0,Grand Piano,PIANO,ACC1,STRONG,68,56049,MODERATE,15,5,False,,COMPLETE_WITH_EXPLICIT_UNKNOWNS
befd39c642f93d984f91,FACTORY_CORPUS,121,3,1,Piano Pad 2,SYNTH_PAD,ACC1,FALLBACK,1,13,UNKNOWN,12,8,False,,COMPLETE_WITH_EXPLICIT_UNKNOWNS
c1a6193927030543fdef,FACTORY_CORPUS,121,3,2,90's Piano,PIANO,ACC1,FALLBACK,1,84,UNKNOWN,15,5,False,,COMPLETE_WITH_EXPLICIT_UNKNOWNS
69744ac1c795859368ea,FACTORY_CORPUS,121,3,4,60's E. Piano,PIANO,ACC1,LIMITED,4,2877,UNKNOWN,15,5,False,,COMPLETE_WITH_EXPLICIT_UNKNOWNS
14c4aced50f763372e30,FACTORY_CORPUS,121,3,5,EP Legend,PIANO,ACC2,FALLBACK,1,382,UNKNOWN,15,5,False,,COMPLETE_WITH_EXPLICIT_UNKNOWNS
74a5149a18456b0d7394,FACTORY_CORPUS,121,3,7,Clav Snap,PIANO,ACC2,FALLBACK,2,726,UNKNOWN,15,5,False,,COMPLETE_WITH_EXPLICIT_UNKNOWNS
6c5b552ef1b1846e4baa,FACTORY_CORPUS,121,3,19,Pipe Mixture,ORGAN,ACC4,FALLBACK,1,140,UNKNOWN,14,6,False,,COMPLETE_WITH_EXPLICIT_UNKNOWNS
84a601b239be5c1740e7,FACTORY_CORPUS,121,3,23,"Accordion16,8,4'",ACCORDION_REED,ACC3,FALLBACK,2,1029,UNKNOWN,14,6,False,,COMPLETE_WITH_EXPLICIT_UNKNOWNS
7a330f54c0bc29c92181,FACTORY_CORPUS,121,3,26,Club Jazz Gtr 2,GUITAR,ACC1,LIMITED,3,753,UNKNOWN,15,5,False,velocity_triggered_sample_switching,COMPLETE_WITH_EXPLICIT_UNKNOWNS
4bd917e7c65b20cb4913,FACTORY_CORPUS,121,3,27,Chorus Guitar,GUITAR,ACC2,LIMITED,3,3406,UNKNOWN,15,5,False,velocity_triggered_sample_switching,COMPLETE_WITH_EXPLICIT_UNKNOWNS
3bbb749c3549f812e86e,OFFICIAL_MANUAL_ONLY,121,3,29,Crunch Gtr DNC,GUITAR,MANUAL_ONLY,NO_FACTORY_SUPPORT,0,0,NO_FACTORY_SUPPORT,0,22,True,,COMPLETE_WITH_EXPLICIT_UNKNOWNS
94a1cd30da5015a7d68e,FACTORY_CORPUS,121,3,32,Acous. Bass Pro1,BASS,BASS,STRONG,10,2679,CONTEXT_DEPENDENT,15,5,False,,COMPLETE_WITH_EXPLICIT_UNKNOWNS
7c2400904d0cb50e9e81,FACTORY_CORPUS,121,3,33,Finger E.Bass2,BASS,BASS,STRONG,12,4014,CONTEXT_DEPENDENT,15,5,False,,COMPLETE_WITH_EXPLICIT_UNKNOWNS
a9a01f8998d70000151b,FACTORY_CORPUS,121,3,34,Stein Bass,BASS,BASS,STRONG,19,7283,CONTEXT_DEPENDENT,15,5,False,,COMPLETE_WITH_EXPLICIT_UNKNOWNS
f38cd6838b9e62348a39,FACTORY_CORPUS,121,3,37,Dyna Slap Bass,BASS,BASS,FALLBACK,1,52,UNKNOWN,14,6,False,,COMPLETE_WITH_EXPLICIT_UNKNOWNS
81b60da37fc86aee2343,FACTORY_CORPUS,121,3,39,Attack Pulse,BASS,BASS,FALLBACK,2,603,UNKNOWN,15,5,False,,COMPLETE_WITH_EXPLICIT_UNKNOWNS
5f5651e0282d84415743,FACTORY_CORPUS,121,3,45,Double Strings,STRINGS,ACC3,LIMITED,3,1587,UNKNOWN,15,5,False,,COMPLETE_WITH_EXPLICIT_UNKNOWNS
8325a78f076d9396719f,FACTORY_CORPUS,121,3,48,Stereo Strings,ENSEMBLE,ACC3,STRONG,26,4443,CONTEXT_DEPENDENT,14,6,False,,COMPLETE_WITH_EXPLICIT_UNKNOWNS
9feb11105290f7bb81c7,FACTORY_CORPUS,121,3,50,Analog Velve,ENSEMBLE,ACC3,GOOD,7,702,CONTEXT_DEPENDENT,15,5,False,,COMPLETE_WITH_EXPLICIT_UNKNOWNS
c32700b2d374616d9a8e,FACTORY_CORPUS,121,3,57,Hard Trombone,BRASS,ACC1,FALLBACK,1,104,UNKNOWN,14,6,False,,COMPLETE_WITH_EXPLICIT_UNKNOWNS
109bd4bdeba46b310a0c,FACTORY_CORPUS,121,3,57,Mute Ensemble 1,BRASS,ACC1,FALLBACK,1,189,UNKNOWN,16,4,False,,COMPLETE_WITH_EXPLICIT_UNKNOWNS
17b926ec97e80c935987,FACTORY_CORPUS,121,3,59,Mute Ensemble 1,BRASS,ACC2,STRONG,11,6623,CONTEXT_DEPENDENT,15,5,False,,COMPLETE_WITH_EXPLICIT_UNKNOWNS
83720b8588ae05518182,FACTORY_CORPUS,121,3,61,Glen & Friends,BRASS,ACC3,GOOD,6,6434,CONTEXT_DEPENDENT,15,5,False,,COMPLETE_WITH_EXPLICIT_UNKNOWNS
bb347b6c4de32b2e330e,FACTORY_CORPUS,121,3,61,Mute Ensemble 1,BRASS,ACC1,FALLBACK,1,121,UNKNOWN,15,5,False,,COMPLETE_WITH_EXPLICIT_UNKNOWNS
4eec185c9838fdaf7df7,FACTORY_CORPUS,121,3,63,Brass Pad,SYNTH_PAD,ACC4,FALLBACK,1,13,UNKNOWN,12,8,False,,COMPLETE_WITH_EXPLICIT_UNKNOWNS
1ab9c5b17c0341d798bf,FACTORY_CORPUS,121,3,65,Breathy Alto Sax,REED,ACC3,LIMITED,3,984,UNKNOWN,15,5,False,,COMPLETE_WITH_EXPLICIT_UNKNOWNS
2217c3f49a69bcefc294,FACTORY_CORPUS,121,3,66,Tenor Breath,REED,ACC4,FALLBACK,1,34,UNKNOWN,14,6,False,,COMPLETE_WITH_EXPLICIT_UNKNOWNS
74994f248d3bf0a66175,FACTORY_CORPUS,121,3,67,Baritone Sax Pro,REED,ACC4,FALLBACK,2,376,UNKNOWN,15,5,False,,COMPLETE_WITH_EXPLICIT_UNKNOWNS
f02c9d3440b7b8d04dcb,FACTORY_CORPUS,121,3,71,Section Winds 1,REED,ACC4,FALLBACK,1,619,UNKNOWN,14,6,False,,COMPLETE_WITH_EXPLICIT_UNKNOWNS
4d776ac83f925c38f2b5,FACTORY_CORPUS,121,3,89,Power Synth,SYNTH_PAD,ACC5,FALLBACK,1,255,UNKNOWN,14,6,False,,COMPLETE_WITH_EXPLICIT_UNKNOWNS
1f72895397f0ab617dae,FACTORY_CORPUS,121,3,90,Synth Sweeper,SYNTH_PAD,ACC3,FALLBACK,1,171,UNKNOWN,15,5,False,,COMPLETE_WITH_EXPLICIT_UNKNOWNS
f7e4052f3b5da6f3b031,OFFICIAL_MANUAL_ONLY,121,3,96,Wave Cycle DNC,SYNTH_FX,MANUAL_ONLY,NO_FACTORY_SUPPORT,0,0,NO_FACTORY_SUPPORT,0,22,True,,COMPLETE_WITH_EXPLICIT_UNKNOWNS
8d665bfe9e3b2d1725eb,FACTORY_CORPUS,121,3,107,Kanoun Trem. 2,ETHNIC,ACC1,FALLBACK,1,573,UNKNOWN,14,6,False,,COMPLETE_WITH_EXPLICIT_UNKNOWNS
49b9e7b8b5e560d99ec2,FACTORY_CORPUS,121,3,109,HighlandBagPipes,ETHNIC,ACC4,FALLBACK,1,20,UNKNOWN,12,8,False,,COMPLETE_WITH_EXPLICIT_UNKNOWNS
a7da759bd6289684d2bb,FACTORY_CORPUS,121,3,120,Vox Wah Chick RX,SFX,ACC4,GOOD,9,7285,INSUFFICIENT_SPLIT_SUPPORT,16,4,False,,COMPLETE_WITH_EXPLICIT_UNKNOWNS
d84f78fa640c9485dca0,FACTORY_CORPUS,121,4,0,Classic Piano,PIANO,ACC2,LIMITED,4,1658,UNKNOWN,15,5,False,,COMPLETE_WITH_EXPLICIT_UNKNOWNS
d6417a677de41b8099b2,FACTORY_CORPUS,121,4,1,Piano & Pad,SYNTH_PAD,ACC1,LIMITED,4,497,UNKNOWN,14,6,False,,COMPLETE_WITH_EXPLICIT_UNKNOWNS
d571f8900cd5432d291d,FACTORY_CORPUS,121,4,2,2000's Piano,PIANO,ACC1,FALLBACK,1,348,UNKNOWN,14,6,False,,COMPLETE_WITH_EXPLICIT_UNKNOWNS
03cad057f5a7ae3009f7,FACTORY_CORPUS,121,4,4,Vintage EP,PIANO,ACC1,STRONG,13,4938,CONTEXT_DEPENDENT,15,5,False,,COMPLETE_WITH_EXPLICIT_UNKNOWNS
aa379fc1d446a80b7070,FACTORY_CORPUS,121,4,5,EP Phase,PIANO,ACC1,FALLBACK,2,156,UNKNOWN,15,5,False,,COMPLETE_WITH_EXPLICIT_UNKNOWNS
5b527bede6bdc3a7f19c,FACTORY_CORPUS,121,4,16,Organ Low 1 V.,ORGAN,BASS,GOOD,6,751,INSUFFICIENT_SPLIT_SUPPORT,14,6,False,,COMPLETE_WITH_EXPLICIT_UNKNOWNS
d6bbbd39e877cd30b891,FACTORY_CORPUS,121,4,17,Organ Low Pc. V.,ORGAN,ACC5,GOOD,7,557,CONTEXT_DEPENDENT,14,6,False,,COMPLETE_WITH_EXPLICIT_UNKNOWNS
419b7030f1ce911085fd,FACTORY_CORPUS,121,4,20,Pipe Flute 1,ORGAN,ACC4,FALLBACK,1,364,UNKNOWN,14,6,False,,COMPLETE_WITH_EXPLICIT_UNKNOWNS
9a855db9145046836e2c,FACTORY_CORPUS,121,4,23,"Acc.16,8' & Bass",ORGAN,ACC5,FALLBACK,2,1710,UNKNOWN,15,5,False,,COMPLETE_WITH_EXPLICIT_UNKNOWNS
39ee58d087137eee2392,FACTORY_CORPUS,121,4,25,Steel Guitar 2,GUITAR,ACC1,FALLBACK,2,760,UNKNOWN,15,5,False,velocity_triggered_sample_switching,COMPLETE_WITH_EXPLICIT_UNKNOWNS
6367ff7524d7eefc69f5,FACTORY_CORPUS,121,4,26,Pedal Steel Gtr2,GUITAR,ACC3,FALLBACK,2,1139,UNKNOWN,15,5,False,velocity_triggered_sample_switching,COMPLETE_WITH_EXPLICIT_UNKNOWNS
5eccded55373f8c95dfd,FACTORY_CORPUS,121,4,27,Vintage S.2,GUITAR,ACC3,GOOD,8,5683,CONTEXT_DEPENDENT,15,5,False,velocity_triggered_sample_switching,COMPLETE_WITH_EXPLICIT_UNKNOWNS
da4f6d7e2b76277e7068,FACTORY_CORPUS,121,4,28,R&R Guitar,GUITAR,ACC3,LIMITED,3,3579,UNKNOWN,14,6,False,velocity_triggered_sample_switching,COMPLETE_WITH_EXPLICIT_UNKNOWNS
65b10d26e5498656f801,FACTORY_CORPUS,121,4,30,Power Chords,GUITAR,ACC3,LIMITED,3,767,UNKNOWN,16,4,False,velocity_triggered_sample_switching,COMPLETE_WITH_EXPLICIT_UNKNOWNS
46893f9f12675016593a,FACTORY_CORPUS,121,4,32,Acous. Bass Pro2,BASS,BASS,FALLBACK,2,1014,UNKNOWN,15,5,False,,COMPLETE_WITH_EXPLICIT_UNKNOWNS
32c2c7639a0dd5f26d3f,FACTORY_CORPUS,121,4,33,Finger E.Bass3,BASS,BASS,FALLBACK,1,125,UNKNOWN,14,6,False,,COMPLETE_WITH_EXPLICIT_UNKNOWNS
fba17078f1f8f4e4dea7,FACTORY_CORPUS,121,4,35,Dark R&B Bass1,BASS,BASS,GOOD,6,1341,CONTEXT_DEPENDENT,15,5,False,,COMPLETE_WITH_EXPLICIT_UNKNOWNS
4c9797fbc8d3f423297f,FACTORY_CORPUS,121,4,36,SlapFing Bass RX,BASS,BASS,STRONG,17,5573,CONTEXT_DEPENDENT,15,5,False,,COMPLETE_WITH_EXPLICIT_UNKNOWNS
67533e9416e7dc66886d,FACTORY_CORPUS,121,4,48,Legato Strings,ENSEMBLE,ACC4,GOOD,7,1249,CONTEXT_DEPENDENT,15,5,False,,COMPLETE_WITH_EXPLICIT_UNKNOWNS
f5075ee04ee288f266e1,FACTORY_CORPUS,121,4,52,Take Voices 1,ENSEMBLE,ACC5,FALLBACK,2,470,UNKNOWN,15,5,False,,COMPLETE_WITH_EXPLICIT_UNKNOWNS
db1c1be212183b00b9f1,FACTORY_CORPUS,121,4,55,Brass Impact,ENSEMBLE,ACC4,FALLBACK,2,116,UNKNOWN,14,6,False,,COMPLETE_WITH_EXPLICIT_UNKNOWNS
6dc7192e08e4020ef0ba,FACTORY_CORPUS,121,4,56,Trumpet Expr.2,BRASS,ACC5,FALLBACK,1,240,UNKNOWN,14,6,False,,COMPLETE_WITH_EXPLICIT_UNKNOWNS
fe226f509afd73022e6f,FACTORY_CORPUS,121,4,57,Soft Trombone,BRASS,ACC5,FALLBACK,2,232,UNKNOWN,16,4,False,,COMPLETE_WITH_EXPLICIT_UNKNOWNS
057e789c63659218da13,FACTORY_CORPUS,121,4,59,Mute Ensemble 2,BRASS,ACC3,LIMITED,3,863,UNKNOWN,15,5,False,,COMPLETE_WITH_EXPLICIT_UNKNOWNS
97e10ee6346054b5a93c,FACTORY_CORPUS,121,4,60,Horns & Ensemble,BRASS,ACC3,LIMITED,4,860,UNKNOWN,15,5,False,,COMPLETE_WITH_EXPLICIT_UNKNOWNS
99b3dbe17aa88ca7939b,FACTORY_CORPUS,121,4,61,Big Band Brass 2,BRASS,ACC4,FALLBACK,2,359,UNKNOWN,14,6,False,,COMPLETE_WITH_EXPLICIT_UNKNOWNS
4ef2076ad31a7a6c19e4,FACTORY_CORPUS,121,4,63,Big Panner,BRASS,ACC3,FALLBACK,1,20,UNKNOWN,10,10,False,,COMPLETE_WITH_EXPLICIT_UNKNOWNS
1922381c97738fe02dcc,FACTORY_CORPUS,121,4,64,Sweet Soprano 2,REED,ACC5,FALLBACK,1,81,UNKNOWN,13,7,False,,COMPLETE_WITH_EXPLICIT_UNKNOWNS
14b76757308c4f7dafb6,FACTORY_CORPUS,121,4,66,Tenor Growl,REED,ACC4,FALLBACK,1,11,UNKNOWN,12,8,False,,COMPLETE_WITH_EXPLICIT_UNKNOWNS
9dd0ab4d026e3499cb51,FACTORY_CORPUS,121,4,67,Baritone Sax 2,REED,ACC4,FALLBACK,1,110,UNKNOWN,16,4,False,,COMPLETE_WITH_EXPLICIT_UNKNOWNS
c42ac9343ed5bba93805,FACTORY_CORPUS,121,4,71,Section Winds 2,REED,ACC1,FALLBACK,2,1176,UNKNOWN,15,5,False,,COMPLETE_WITH_EXPLICIT_UNKNOWNS
c621c6b1c1f32757210b,FACTORY_CORPUS,121,4,73,Flute Frullato,PIPE,ACC3,FALLBACK,1,265,UNKNOWN,14,6,False,,COMPLETE_WITH_EXPLICIT_UNKNOWNS
b049a0f3868fd00382bd,FACTORY_CORPUS,121,4,80,Dance Lead,SYNTH_LEAD,ACC4,FALLBACK,2,141,UNKNOWN,15,5,False,,COMPLETE_WITH_EXPLICIT_UNKNOWNS
5d6df4a7599b8105c29e,FACTORY_CORPUS,121,4,81,Seq. Analog,SYNTH_LEAD,ACC5,FALLBACK,2,575,UNKNOWN,14,6,False,,COMPLETE_WITH_EXPLICIT_UNKNOWNS
9acf784cc97f4a83cf46,FACTORY_CORPUS,121,4,84,Metallic Rez,SYNTH_LEAD,ACC3,FALLBACK,1,283,UNKNOWN,14,6,False,,COMPLETE_WITH_EXPLICIT_UNKNOWNS
a4c8b9433a06ef6254cb,FACTORY_CORPUS,121,4,97,Pods In Pad,SYNTH_PAD,ACC5,FALLBACK,2,272,UNKNOWN,15,5,False,,COMPLETE_WITH_EXPLICIT_UNKNOWNS
fe78fc3a79e0eb2f435a,FACTORY_CORPUS,121,4,98,Digi Bell,SYNTH_FX,ACC5,FALLBACK,1,47,UNKNOWN,13,7,False,,COMPLETE_WITH_EXPLICIT_UNKNOWNS
156d3d686f228beb64fb,FACTORY_CORPUS,121,4,102,Pan Reso,SYNTH_FX,ACC2,FALLBACK,1,3,UNKNOWN,9,11,False,,COMPLETE_WITH_EXPLICIT_UNKNOWNS
113d19810dada0731eaf,FACTORY_CORPUS,121,4,107,Kanoun Mix,ETHNIC,ACC3,FALLBACK,1,319,UNKNOWN,14,6,False,,COMPLETE_WITH_EXPLICIT_UNKNOWNS
655d3c797d8d57ea27c0,FACTORY_CORPUS,121,5,0,Jazz Piano,PIANO,ACC1,GOOD,7,2455,CONTEXT_DEPENDENT,15,5,False,,COMPLETE_WITH_EXPLICIT_UNKNOWNS
623016253134d08ad190,FACTORY_CORPUS,121,5,2,Chorus Piano,PIANO,ACC1,GOOD,5,1627,CONTEXT_DEPENDENT,15,5,False,,COMPLETE_WITH_EXPLICIT_UNKNOWNS
55b9b926ad2013d657ee,FACTORY_CORPUS,121,5,4,Pro Dyno EP,PIANO,ACC1,GOOD,6,2034,CONTEXT_DEPENDENT,15,5,False,,COMPLETE_WITH_EXPLICIT_UNKNOWNS
b30a8310d3c4258f56e9,FACTORY_CORPUS,121,5,5,Syn Piano X,PIANO,ACC1,LIMITED,3,708,UNKNOWN,15,5,False,,COMPLETE_WITH_EXPLICIT_UNKNOWNS
2a465ee54c8bd5a46571,FACTORY_CORPUS,121,5,7,Clav RX,PIANO,ACC2,FALLBACK,1,438,UNKNOWN,14,6,False,,COMPLETE_WITH_EXPLICIT_UNKNOWNS
20c43ec0fa194ea65fb9,FACTORY_CORPUS,121,5,16,Dark Organ 2 V.,ORGAN,ACC3,FALLBACK,1,72,UNKNOWN,15,5,False,,COMPLETE_WITH_EXPLICIT_UNKNOWNS
44293eecbb5b46f5f99e,FACTORY_CORPUS,121,5,18,BX3 Rock 3 V.,ORGAN,ACC4,LIMITED,4,1758,UNKNOWN,15,5,False,,COMPLETE_WITH_EXPLICIT_UNKNOWNS
bc0d834cf12af0bbac11,OFFICIAL_MANUAL_ONLY,121,5,22,Harmonica DNC,ACCORDION_REED,MANUAL_ONLY,NO_FACTORY_SUPPORT,0,0,NO_FACTORY_SUPPORT,0,22,True,,COMPLETE_WITH_EXPLICIT_UNKNOWNS
81b1b51b80a048b5aaa9,FACTORY_CORPUS,121,5,24,Ac.Guitar KeyOff,GUITAR,ACC2,FALLBACK,1,257,UNKNOWN,14,6,False,velocity_triggered_sample_switching,COMPLETE_WITH_EXPLICIT_UNKNOWNS
1035f92fc891740cee46,FACTORY_CORPUS,121,5,25,Steel 12 String,GUITAR,ACC3,FALLBACK,2,2831,UNKNOWN,15,5,False,velocity_triggered_sample_switching,COMPLETE_WITH_EXPLICIT_UNKNOWNS
7d956a99df74c8dc42b8,FACTORY_CORPUS,121,5,26,Soft Jazz Guitar,GUITAR,ACC2,GOOD,6,2894,CONTEXT_DEPENDENT,15,5,False,velocity_triggered_sample_switching,COMPLETE_WITH_EXPLICIT_UNKNOWNS
0284cc534c8c07789901,FACTORY_CORPUS,121,5,27,Proces.E.Guitar,GUITAR,ACC5,FALLBACK,2,488,UNKNOWN,15,5,False,velocity_triggered_sample_switching,COMPLETE_WITH_EXPLICIT_UNKNOWNS
6d8b9a937469c8954ebf,FACTORY_CORPUS,121,5,27,Soft Jazz Guitar,GUITAR,ACC3,FALLBACK,1,20,UNKNOWN,12,8,False,velocity_triggered_sample_switching,COMPLETE_WITH_EXPLICIT_UNKNOWNS
6fd55e4cee1d56238813,FACTORY_CORPUS,121,5,28,Stra. Chime,GUITAR,ACC4,FALLBACK,2,1639,UNKNOWN,16,4,False,velocity_triggered_sample_switching,COMPLETE_WITH_EXPLICIT_UNKNOWNS
90e0507107024be9f885,FACTORY_CORPUS,121,5,33,Stick Bass,BASS,BASS,FALLBACK,1,292,UNKNOWN,14,6,False,,COMPLETE_WITH_EXPLICIT_UNKNOWNS
3c3f184c580a415a3177,FACTORY_CORPUS,121,5,35,Dark R&B Bass2,BASS,BASS,LIMITED,3,478,UNKNOWN,15,5,False,,COMPLETE_WITH_EXPLICIT_UNKNOWNS
aedaec726df10b719f20,FACTORY_CORPUS,121,5,36,SlapPick Bass RX,BASS,BASS,FALLBACK,2,859,UNKNOWN,16,4,False,,COMPLETE_WITH_EXPLICIT_UNKNOWNS
9b59447f2b57bc8871df,FACTORY_CORPUS,121,5,37,The Other Slap,BASS,BASS,FALLBACK,2,819,UNKNOWN,16,4,False,,COMPLETE_WITH_EXPLICIT_UNKNOWNS
8092bf5faa6ccf51db13,FACTORY_CORPUS,121,5,38,30303 Bass,BASS,ACC4,FALLBACK,1,652,UNKNOWN,14,6,False,,COMPLETE_WITH_EXPLICIT_UNKNOWNS
1c86b614bae471067d10,FACTORY_CORPUS,121,5,39,Jungle Rez,BASS,BASS,LIMITED,4,786,UNKNOWN,15,5,False,,COMPLETE_WITH_EXPLICIT_UNKNOWNS
c51c397390b23b4948fd,FACTORY_CORPUS,121,5,48,i3 Strings,ENSEMBLE,ACC3,STRONG,19,3483,MODERATE,15,5,False,,COMPLETE_WITH_EXPLICIT_UNKNOWNS
b1bf5df7473a43c890e7,FACTORY_CORPUS,121,5,49,Movie Strings 1,ENSEMBLE,ACC5,FALLBACK,1,4,UNKNOWN,13,7,False,,COMPLETE_WITH_EXPLICIT_UNKNOWNS
4d775303affde6a0f1ed,FACTORY_CORPUS,121,5,50,Analog Strings 1,ENSEMBLE,ACC5,GOOD,17,738,CONTEXT_DEPENDENT,14,6,False,,COMPLETE_WITH_EXPLICIT_UNKNOWNS
92c8b305365fcbaf626d,FACTORY_CORPUS,121,5,52,Take Voices 2,ENSEMBLE,ACC1,FALLBACK,1,187,UNKNOWN,15,5,False,,COMPLETE_WITH_EXPLICIT_UNKNOWNS
0611c77a2cec15bac482,FACTORY_CORPUS,121,5,56,Trumpet Pitch,BRASS,ACC4,FALLBACK,1,150,UNKNOWN,14,6,False,,COMPLETE_WITH_EXPLICIT_UNKNOWNS
29243473b5bb26a01c92,FACTORY_CORPUS,121,5,57,Pitch Trombone,BRASS,ACC2,FALLBACK,1,1370,UNKNOWN,14,6,False,,COMPLETE_WITH_EXPLICIT_UNKNOWNS
3ad05586f82d41749b19,FACTORY_CORPUS,121,5,61,Sax & Brass,BRASS,ACC3,FALLBACK,2,23,UNKNOWN,12,8,False,,COMPLETE_WITH_EXPLICIT_UNKNOWNS
83aba9ecb85dd752bd1c,FACTORY_CORPUS,121,5,65,Sweet Alto Sax 1,REED,ACC4,FALLBACK,2,609,UNKNOWN,14,6,False,,COMPLETE_WITH_EXPLICIT_UNKNOWNS
ba900340eb2e9b058d59,FACTORY_CORPUS,121,5,66,Folk Sax,REED,ACC4,FALLBACK,2,164,UNKNOWN,14,6,False,,COMPLETE_WITH_EXPLICIT_UNKNOWNS
f625f564af5c9298f4df,FACTORY_CORPUS,121,5,71,Clarinet Ens.,REED,ACC3,LIMITED,3,436,UNKNOWN,16,4,False,,COMPLETE_WITH_EXPLICIT_UNKNOWNS
9d25be55d3092f0b0db1,OFFICIAL_MANUAL_ONLY,121,5,78,Whistle DNC,PIPE,MANUAL_ONLY,NO_FACTORY_SUPPORT,0,0,NO_FACTORY_SUPPORT,0,22,True,,COMPLETE_WITH_EXPLICIT_UNKNOWNS
d5147bf843b16049a2a5,FACTORY_CORPUS,121,5,81,Power Saw,SYNTH_LEAD,ACC3,FALLBACK,2,926,UNKNOWN,14,6,False,,COMPLETE_WITH_EXPLICIT_UNKNOWNS
1b74ff59b133f1d8dacc,FACTORY_CORPUS,121,5,84,Brian Sync,SYNTH_LEAD,ACC5,FALLBACK,1,166,UNKNOWN,15,5,False,,COMPLETE_WITH_EXPLICIT_UNKNOWNS
5e260866ee1cf81e82e1,FACTORY_CORPUS,121,5,97,Noble Pad,SYNTH_PAD,ACC5,FALLBACK,1,6,UNKNOWN,8,12,False,,COMPLETE_WITH_EXPLICIT_UNKNOWNS
fe6f1bb755aeb97dabe0,FACTORY_CORPUS,121,5,98,Moving Bell,SYNTH_FX,ACC5,FALLBACK,1,41,UNKNOWN,13,7,False,,COMPLETE_WITH_EXPLICIT_UNKNOWNS
a3451b29dd4e18c43aa1,FACTORY_CORPUS,121,5,126,Footsteps,SFX,ACC3,FALLBACK,1,11,UNKNOWN,13,7,False,,COMPLETE_WITH_EXPLICIT_UNKNOWNS
999d98e2feffbb548279,FACTORY_CORPUS,121,6,4,Pro Stage EP,PIANO,ACC1,FALLBACK,1,52,UNKNOWN,15,5,False,,COMPLETE_WITH_EXPLICIT_UNKNOWNS
66dd28fc3222b36e2ef6,FACTORY_CORPUS,121,6,5,Stereo Dig. EP,PIANO,ACC3,FALLBACK,1,93,UNKNOWN,14,6,False,,COMPLETE_WITH_EXPLICIT_UNKNOWNS
e7ba17332e9b23c6478a,FACTORY_CORPUS,121,6,16,BX3 Full V.,ORGAN,ACC5,FALLBACK,1,414,UNKNOWN,14,6,False,,COMPLETE_WITH_EXPLICIT_UNKNOWNS
69b50bc3c06a042af5ee,FACTORY_CORPUS,121,6,18,Super BX Perc.,ORGAN,ACC3,FALLBACK,1,64,UNKNOWN,13,7,False,,COMPLETE_WITH_EXPLICIT_UNKNOWNS
3847da62cbecf5a08119,FACTORY_CORPUS,121,6,25,Hackbrett,GUITAR,ACC2,LIMITED,3,1100,UNKNOWN,15,5,False,velocity_triggered_sample_switching,COMPLETE_WITH_EXPLICIT_UNKNOWNS
628b84fc8b9e077cfd15,FACTORY_CORPUS,121,6,26,JazzGtr SlidePro,GUITAR,ACC2,FALLBACK,2,2313,UNKNOWN,15,5,False,velocity_triggered_sample_switching,COMPLETE_WITH_EXPLICIT_UNKNOWNS
6d58d069cce1d1bab037,FACTORY_CORPUS,121,6,27,Single Coil,GUITAR,ACC3,GOOD,5,1983,CONTEXT_DEPENDENT,15,5,False,velocity_triggered_sample_switching,COMPLETE_WITH_EXPLICIT_UNKNOWNS
5560381bd74cf4647a74,FACTORY_CORPUS,121,6,28,Clean Mute Gtr,GUITAR,ACC2,FALLBACK,2,748,UNKNOWN,15,5,False,velocity_triggered_sample_switching,COMPLETE_WITH_EXPLICIT_UNKNOWNS
20ae2280a76aae4f4864,FACTORY_CORPUS,121,6,33,Finger Bass 2,BASS,BASS,STRONG,42,17943,CONTEXT_DEPENDENT,16,4,False,,COMPLETE_WITH_EXPLICIT_UNKNOWNS
ba5c08219b541ba84e5b,FACTORY_CORPUS,121,6,34,Bass&Gtr Double,BASS,BASS,FALLBACK,1,115,UNKNOWN,14,6,False,,COMPLETE_WITH_EXPLICIT_UNKNOWNS
06e5bf2606e1e2e18a40,FACTORY_CORPUS,121,6,35,Woofer Pusher B.,BASS,BASS,STRONG,15,3722,CONTEXT_DEPENDENT,15,5,False,,COMPLETE_WITH_EXPLICIT_UNKNOWNS
bb181142f87fae62d243,FACTORY_CORPUS,121,6,39,Nasty Bass,BASS,BASS,FALLBACK,1,487,UNKNOWN,15,5,False,,COMPLETE_WITH_EXPLICIT_UNKNOWNS
27fc79f0daf82e9ab7cd,FACTORY_CORPUS,121,6,48,N Strings,ENSEMBLE,ACC5,FALLBACK,1,923,UNKNOWN,14,6,False,,COMPLETE_WITH_EXPLICIT_UNKNOWNS
8ecfeb582169c64cb4e1,FACTORY_CORPUS,121,6,49,Movie Strings 2,ENSEMBLE,ACC4,STRONG,21,4835,CONTEXT_DEPENDENT,15,5,False,,COMPLETE_WITH_EXPLICIT_UNKNOWNS
43800c441e17f41cceb6,FACTORY_CORPUS,121,6,56,Dual Trumpets,BRASS,ACC3,FALLBACK,2,942,UNKNOWN,15,5,False,,COMPLETE_WITH_EXPLICIT_UNKNOWNS
dbb4925cbdb7065d9550,FACTORY_CORPUS,121,6,57,Trombone Expr. 1,BRASS,ACC4,LIMITED,3,821,UNKNOWN,15,5,False,,COMPLETE_WITH_EXPLICIT_UNKNOWNS
16a352273a1067622013,FACTORY_CORPUS,121,6,73,Flute Muted,PIPE,ACC3,FALLBACK,1,1033,UNKNOWN,14,6,False,,COMPLETE_WITH_EXPLICIT_UNKNOWNS
449c0e0fe7629fb276b0,FACTORY_CORPUS,121,6,80,Sine Wave,SYNTH_LEAD,ACC3,FALLBACK,1,834,UNKNOWN,16,4,False,,COMPLETE_WITH_EXPLICIT_UNKNOWNS
da26951ecf1094629992,FACTORY_CORPUS,121,6,81,Octo Lead,SYNTH_LEAD,ACC4,FALLBACK,2,320,UNKNOWN,14,6,False,,COMPLETE_WITH_EXPLICIT_UNKNOWNS
f54c1223ac891090fdc0,FACTORY_CORPUS,121,6,89,Dark Pad,SYNTH_PAD,ACC4,STRONG,15,1503,CONTEXT_DEPENDENT,15,5,False,,COMPLETE_WITH_EXPLICIT_UNKNOWNS
ed38b5a2e6604e9529f2,FACTORY_CORPUS,121,6,90,Cross Sweep,SYNTH_PAD,ACC4,FALLBACK,2,201,UNKNOWN,15,5,False,,COMPLETE_WITH_EXPLICIT_UNKNOWNS
30f90b9d72a904b1783f,FACTORY_CORPUS,121,6,98,Bell Pad,SYNTH_PAD,ACC3,FALLBACK,1,175,UNKNOWN,14,6,False,,COMPLETE_WITH_EXPLICIT_UNKNOWNS
7260396038a834f1fe57,FACTORY_CORPUS,121,6,126,Stadium,SFX,ACC1,FALLBACK,2,312,UNKNOWN,15,5,False,,COMPLETE_WITH_EXPLICIT_UNKNOWNS
544fe657bba86d479525,FACTORY_CORPUS,121,7,0,Piano & Strings,PIANO,ACC1,LIMITED,4,151,UNKNOWN,14,6,False,,COMPLETE_WITH_EXPLICIT_UNKNOWNS
9b1502445c0b70b8cb20,FACTORY_CORPUS,121,7,2,Grand&FM Stack,PIANO,ACC1,GOOD,8,5337,CONTEXT_DEPENDENT,16,4,False,,COMPLETE_WITH_EXPLICIT_UNKNOWNS
55dab49ae29d1ff10d20,FACTORY_CORPUS,121,7,4,Studio EP,PIANO,ACC4,GOOD,8,2445,MODERATE,15,5,False,,COMPLETE_WITH_EXPLICIT_UNKNOWNS
7dc8bf8c2cd14b672f2d,FACTORY_CORPUS,121,7,19,Positive Organ,ORGAN,ACC1,FALLBACK,1,254,UNKNOWN,14,6,False,,COMPLETE_WITH_EXPLICIT_UNKNOWNS
32b448708f7299ed0094,FACTORY_CORPUS,121,7,25,Finger Key Off,GUITAR,ACC2,FALLBACK,1,605,UNKNOWN,14,6,False,velocity_triggered_sample_switching,COMPLETE_WITH_EXPLICIT_UNKNOWNS
43dc2c9cd68bb9c42cd0,OFFICIAL_MANUAL_ONLY,121,7,26,Jazz Guitar DNC,GUITAR,MANUAL_ONLY,NO_FACTORY_SUPPORT,0,0,NO_FACTORY_SUPPORT,0,22,True,,COMPLETE_WITH_EXPLICIT_UNKNOWNS
c974ee3c97f52835c9ac,FACTORY_CORPUS,121,7,27,New Stra.Guitar,GUITAR,ACC2,GOOD,7,3935,INSUFFICIENT_SPLIT_SUPPORT,15,5,False,velocity_triggered_sample_switching,COMPLETE_WITH_EXPLICIT_UNKNOWNS
502a8fda3fbb57a9834b,FACTORY_CORPUS,121,7,30,Solo Dist.Guitar,GUITAR,ACC5,FALLBACK,1,1089,UNKNOWN,16,4,False,velocity_triggered_sample_switching,COMPLETE_WITH_EXPLICIT_UNKNOWNS
4c279ffe9b9f0a2357d9,FACTORY_CORPUS,121,7,32,Acous. Bass RX,BASS,BASS,GOOD,5,1772,MODERATE,15,5,False,,COMPLETE_WITH_EXPLICIT_UNKNOWNS
3d0dcb3c2cdfd5d1c4f3,FACTORY_CORPUS,121,7,33,Finger Bass 3,BASS,BASS,STRONG,20,4868,MODERATE,16,4,False,,COMPLETE_WITH_EXPLICIT_UNKNOWNS
d0aae21edfedf83f4849,FACTORY_CORPUS,121,7,48,Arco Strings,ENSEMBLE,ACC5,STRONG,12,3936,CONTEXT_DEPENDENT,15,5,False,,COMPLETE_WITH_EXPLICIT_UNKNOWNS
050d199eab206850bfc9,OFFICIAL_MANUAL_ONLY,121,7,49,Movie Str.1 DNC,ENSEMBLE,MANUAL_ONLY,NO_FACTORY_SUPPORT,0,0,NO_FACTORY_SUPPORT,0,22,True,,COMPLETE_WITH_EXPLICIT_UNKNOWNS
ea297a223db545892deb,FACTORY_CORPUS,121,7,57,Trombone Expr. 2,BRASS,ACC1,FALLBACK,1,93,UNKNOWN,14,6,False,,COMPLETE_WITH_EXPLICIT_UNKNOWNS
4761b5008ed0371f28ff,FACTORY_CORPUS,121,7,61,Trpts & Brass,BRASS,ACC4,LIMITED,4,1103,UNKNOWN,15,5,False,,COMPLETE_WITH_EXPLICIT_UNKNOWNS
822392329e75ce0e2a45,FACTORY_CORPUS,121,7,71,Folk Clarinet,REED,ACC3,FALLBACK,2,116,UNKNOWN,14,6,False,,COMPLETE_WITH_EXPLICIT_UNKNOWNS
999135b73de7e412b0fa,FACTORY_CORPUS,121,7,73,Wooden Flute,PIPE,ACC3,FALLBACK,1,317,UNKNOWN,14,6,False,,COMPLETE_WITH_EXPLICIT_UNKNOWNS
ad3b88d7d6df2af36ef2,FACTORY_CORPUS,121,7,91,Fresh Breath,SYNTH_PAD,ACC5,LIMITED,3,238,UNKNOWN,14,6,False,,COMPLETE_WITH_EXPLICIT_UNKNOWNS
fd49bb07b495b84ab181,FACTORY_CORPUS,121,8,0,Rock Piano,PIANO,ACC2,GOOD,5,1350,CONTEXT_DEPENDENT,16,4,False,,COMPLETE_WITH_EXPLICIT_UNKNOWNS
8407dfc1a5328de1a85b,FACTORY_CORPUS,121,8,4,R&B E. Piano,PIANO,ACC1,LIMITED,3,710,UNKNOWN,14,6,False,,COMPLETE_WITH_EXPLICIT_UNKNOWNS
c5969a35a021e5bac822,FACTORY_CORPUS,121,8,5,Hybrid EP,PIANO,ACC1,FALLBACK,1,39,UNKNOWN,13,7,False,,COMPLETE_WITH_EXPLICIT_UNKNOWNS
38bb817506fc4bed3cd7,FACTORY_CORPUS,121,8,16,Jazz Organ,ORGAN,ACC3,FALLBACK,1,94,UNKNOWN,14,6,False,,COMPLETE_WITH_EXPLICIT_UNKNOWNS
b1d65a7b7399a26ed988,FACTORY_CORPUS,121,8,21,Fisa Master,ORGAN,ACC5,FALLBACK,1,147,UNKNOWN,14,6,False,,COMPLETE_WITH_EXPLICIT_UNKNOWNS
3a8b2f65b2c31cbcd7b3,FACTORY_CORPUS,121,8,24,Nylon Gtr Pro1,GUITAR,ACC1,GOOD,8,7596,CONTEXT_DEPENDENT,16,4,False,velocity_triggered_sample_switching,COMPLETE_WITH_EXPLICIT_UNKNOWNS
474695f76b4cfb1fb874,FACTORY_CORPUS,121,8,28,Clean Funk,GUITAR,ACC2,LIMITED,3,843,UNKNOWN,14,6,False,velocity_triggered_sample_switching,COMPLETE_WITH_EXPLICIT_UNKNOWNS
d432a998d499db10ef48,FACTORY_CORPUS,121,8,30,Stereo Dist.Gtr,GUITAR,ACC5,GOOD,6,906,CONTEXT_DEPENDENT,15,5,False,velocity_triggered_sample_switching,COMPLETE_WITH_EXPLICIT_UNKNOWNS
94d65a13cc92a30d7a78,FACTORY_CORPUS,121,8,33,Chorus Fing.Bass,BASS,BASS,FALLBACK,1,797,UNKNOWN,15,5,False,,COMPLETE_WITH_EXPLICIT_UNKNOWNS
682c9f41fbc254899dc7,FACTORY_CORPUS,121,8,34,Pick Bass 2,BASS,BASS,FALLBACK,1,197,UNKNOWN,14,6,False,,COMPLETE_WITH_EXPLICIT_UNKNOWNS
36818edeb633e927e4d5,OFFICIAL_MANUAL_ONLY,121,8,49,Movie Str.2 DNC,ENSEMBLE,MANUAL_ONLY,NO_FACTORY_SUPPORT,0,0,NO_FACTORY_SUPPORT,0,22,True,,COMPLETE_WITH_EXPLICIT_UNKNOWNS
855c24380c135ab8eba6,FACTORY_CORPUS,121,8,57,Trombone Vel. 1,BRASS,ACC5,FALLBACK,1,64,UNKNOWN,14,6,False,,COMPLETE_WITH_EXPLICIT_UNKNOWNS
28c7830beb4b0a7dead6,FACTORY_CORPUS,121,8,65,Alto Sax Pro,REED,ACC3,FALLBACK,1,481,UNKNOWN,15,5,False,,COMPLETE_WITH_EXPLICIT_UNKNOWNS
80e668a65a21566a0df8,FACTORY_CORPUS,121,8,81,Phat Saw Lead,SYNTH_LEAD,ACC3,FALLBACK,1,834,UNKNOWN,14,6,False,,COMPLETE_WITH_EXPLICIT_UNKNOWNS
86772163ec33563d7324,FACTORY_CORPUS,121,8,89,Analog Pad 1,SYNTH_PAD,ACC3,GOOD,9,1082,CONTEXT_DEPENDENT,15,5,False,,COMPLETE_WITH_EXPLICIT_UNKNOWNS
4f395e25ee77be5bb4ca,FACTORY_CORPUS,121,8,90,Noisy Stabb,SYNTH_PAD,ACC3,FALLBACK,2,267,UNKNOWN,16,4,False,,COMPLETE_WITH_EXPLICIT_UNKNOWNS
4194dca942033677cde1,FACTORY_CORPUS,121,9,0,Grand&MovingPad,SYNTH_PAD,ACC1,LIMITED,4,444,UNKNOWN,14,6,False,,COMPLETE_WITH_EXPLICIT_UNKNOWNS
529fd77f2dc21eff264a,FACTORY_CORPUS,121,9,4,Thin E. Piano,PIANO,ACC1,LIMITED,4,1185,UNKNOWN,15,5,False,,COMPLETE_WITH_EXPLICIT_UNKNOWNS
487aa4a70b8eb5bb97b3,FACTORY_CORPUS,121,9,18,BX3 Jazz Pc. V.,ORGAN,ACC5,FALLBACK,2,451,UNKNOWN,14,6,False,,COMPLETE_WITH_EXPLICIT_UNKNOWNS
22289bff98ac59f428f3,FACTORY_CORPUS,121,9,19,Pipe Tutti 3,ORGAN,ACC2,FALLBACK,1,409,UNKNOWN,14,6,False,,COMPLETE_WITH_EXPLICIT_UNKNOWNS
1827dee4d403f1b6559f,FACTORY_CORPUS,121,9,24,Brazilian Guitar,GUITAR,ACC2,GOOD,6,6746,CONTEXT_DEPENDENT,16,4,False,velocity_triggered_sample_switching,COMPLETE_WITH_EXPLICIT_UNKNOWNS
569cea08be2172e21263,FACTORY_CORPUS,121,9,25,Steel Folk Gtr,GUITAR,ACC2,FALLBACK,2,2550,UNKNOWN,16,4,False,velocity_triggered_sample_switching,COMPLETE_WITH_EXPLICIT_UNKNOWNS
85c59070cdabc8b9143d,FACTORY_CORPUS,121,9,27,L&R E.Guitar 1,GUITAR,ACC1,LIMITED,3,507,UNKNOWN,15,5,False,velocity_triggered_sample_switching,COMPLETE_WITH_EXPLICIT_UNKNOWNS
2ec9d1aa874f52c585f7,FACTORY_CORPUS,121,9,30,Dist. Guitar RX1,GUITAR,ACC1,GOOD,5,2361,INSUFFICIENT_SPLIT_SUPPORT,15,5,False,velocity_triggered_sample_switching,COMPLETE_WITH_EXPLICIT_UNKNOWNS
9c582651aad58ae9a7b7,FACTORY_CORPUS,121,9,32,Jazz Bass,BASS,BASS,FALLBACK,1,549,UNKNOWN,15,5,False,,COMPLETE_WITH_EXPLICIT_UNKNOWNS
8789f85a1f9071e5b725,FACTORY_CORPUS,121,9,33,Bright Finger B.,BASS,BASS,GOOD,9,3019,CONTEXT_DEPENDENT,16,4,False,,COMPLETE_WITH_EXPLICIT_UNKNOWNS
c6e41c2f430f61e5b8cd,FACTORY_CORPUS,121,9,38,Digi Bass 1,BASS,BASS,FALLBACK,1,357,UNKNOWN,14,6,False,,COMPLETE_WITH_EXPLICIT_UNKNOWNS
008c8b664e611e9a3102,FACTORY_CORPUS,121,9,48,Strings Quartet,ENSEMBLE,ACC4,FALLBACK,1,252,UNKNOWN,14,6,False,,COMPLETE_WITH_EXPLICIT_UNKNOWNS
6e65cacad84683b9e872,FACTORY_CORPUS,121,9,52,Oh-Ah Voices,ENSEMBLE,ACC5,GOOD,5,1349,CONTEXT_DEPENDENT,14,6,False,,COMPLETE_WITH_EXPLICIT_UNKNOWNS
58f1f57b61759a7299b7,FACTORY_CORPUS,121,9,57,Trombone Vel. 2,BRASS,ACC2,FALLBACK,1,64,UNKNOWN,14,6,False,,COMPLETE_WITH_EXPLICIT_UNKNOWNS
05769fc4945b0f2d984f,FACTORY_CORPUS,121,9,61,Trumpet Ens.,BRASS,ACC5,LIMITED,3,1023,UNKNOWN,15,5,False,,COMPLETE_WITH_EXPLICIT_UNKNOWNS
075aba57cdf2b37d063d,FACTORY_CORPUS,121,9,66,Jazz Tenor 1,REED,ACC5,FALLBACK,1,102,UNKNOWN,15,5,False,,COMPLETE_WITH_EXPLICIT_UNKNOWNS
01d9a1a7214bd96684f4,FACTORY_CORPUS,121,9,73,Flute 2,PIPE,ACC1,FALLBACK,1,56,UNKNOWN,13,7,False,,COMPLETE_WITH_EXPLICIT_UNKNOWNS
9bbff786384d7d33fa61,FACTORY_CORPUS,121,9,80,Gliding Square,SYNTH_LEAD,ACC3,FALLBACK,1,14,UNKNOWN,12,8,False,,COMPLETE_WITH_EXPLICIT_UNKNOWNS
033d4ac082e806556320,FACTORY_CORPUS,121,9,81,Glide Lead,SYNTH_LEAD,ACC4,FALLBACK,1,71,UNKNOWN,15,5,False,,COMPLETE_WITH_EXPLICIT_UNKNOWNS
f649396463a1fbc99d38,FACTORY_CORPUS,121,9,90,Mega Synth,SYNTH_PAD,ACC4,FALLBACK,1,349,UNKNOWN,14,6,False,,COMPLETE_WITH_EXPLICIT_UNKNOWNS
555a5dec69dc61d6d442,FACTORY_CORPUS,121,9,91,Full Vox Pad,SYNTH_PAD,ACC2,FALLBACK,1,131,UNKNOWN,14,6,False,,COMPLETE_WITH_EXPLICIT_UNKNOWNS
a4f468f541ad03f32a71,FACTORY_CORPUS,121,10,0,Grand Piano RX,PIANO,ACC1,GOOD,6,3056,CONTEXT_DEPENDENT,16,4,False,,COMPLETE_WITH_EXPLICIT_UNKNOWNS
57f87dd770394f74b5d4,FACTORY_CORPUS,121,10,4,Dyno Tine EP 1,PIANO,ACC2,GOOD,5,1520,MODERATE,14,6,False,,COMPLETE_WITH_EXPLICIT_UNKNOWNS
bd4b408c3a7223740bdf,FACTORY_CORPUS,121,10,5,Phantom Tine,PIANO,ACC1,FALLBACK,2,427,UNKNOWN,15,5,False,,COMPLETE_WITH_EXPLICIT_UNKNOWNS
81eb417c125027ad002a,FACTORY_CORPUS,121,10,16,BX3 Rock 1 V.,ORGAN,ACC3,FALLBACK,2,542,UNKNOWN,14,6,False,,COMPLETE_WITH_EXPLICIT_UNKNOWNS
04091e8e30cd1bce59b2,FACTORY_CORPUS,121,10,18,Jimmy Organ V.,ORGAN,ACC2,LIMITED,3,132,UNKNOWN,14,6,False,,COMPLETE_WITH_EXPLICIT_UNKNOWNS
4b209922a89dface1f8c,FACTORY_CORPUS,121,10,25,Mandolin Key Off,GUITAR,ACC4,LIMITED,3,5035,UNKNOWN,15,5,False,velocity_triggered_sample_switching,COMPLETE_WITH_EXPLICIT_UNKNOWNS
2c3d58a3b440ab905961,FACTORY_CORPUS,121,10,28,Clean Funk RX1,GUITAR,ACC2,STRONG,17,20433,CONTEXT_DEPENDENT,16,4,False,velocity_triggered_sample_switching,COMPLETE_WITH_EXPLICIT_UNKNOWNS
811e3c846e336ec5e03f,FACTORY_CORPUS,121,10,30,Dist. Guitar RX2,GUITAR,ACC5,GOOD,7,1598,INSUFFICIENT_SPLIT_SUPPORT,15,5,False,velocity_triggered_sample_switching,COMPLETE_WITH_EXPLICIT_UNKNOWNS
8fa6133cb8b957acb92b,FACTORY_CORPUS,121,10,34,Picked Bass RX,BASS,BASS,LIMITED,4,1071,UNKNOWN,16,4,False,,COMPLETE_WITH_EXPLICIT_UNKNOWNS
339fb121ae43379a9076,FACTORY_CORPUS,121,10,48,Symphonic Bows,ENSEMBLE,ACC4,FALLBACK,2,817,UNKNOWN,14,6,False,,COMPLETE_WITH_EXPLICIT_UNKNOWNS
9d5b4da92ab0257d185b,FACTORY_CORPUS,121,10,52,Slow Choir,ENSEMBLE,ACC2,FALLBACK,1,306,UNKNOWN,14,6,False,,COMPLETE_WITH_EXPLICIT_UNKNOWNS
10aed75376d4f72d777e,FACTORY_CORPUS,121,10,56,Trumpet Pro 1,BRASS,ACC5,GOOD,6,1243,CONTEXT_DEPENDENT,15,5,False,,COMPLETE_WITH_EXPLICIT_UNKNOWNS
d1295f36909f03a19b4b,FACTORY_CORPUS,121,10,57,Trombone Vel. 3,BRASS,ACC1,FALLBACK,1,36,UNKNOWN,13,7,False,,COMPLETE_WITH_EXPLICIT_UNKNOWNS
abc9bd7413fb80e6a5da,FACTORY_CORPUS,121,10,61,Trombone Ens.,BRASS,ACC4,FALLBACK,2,820,UNKNOWN,15,5,False,,COMPLETE_WITH_EXPLICIT_UNKNOWNS
6fa361c3ad8203f61daa,FACTORY_CORPUS,121,10,81,Fire Wave,SYNTH_LEAD,ACC2,FALLBACK,1,312,UNKNOWN,14,6,False,,COMPLETE_WITH_EXPLICIT_UNKNOWNS
411bcdc85130632b5a98,FACTORY_CORPUS,121,10,90,Tecno Phonic,SYNTH_PAD,ACC2,LIMITED,3,885,UNKNOWN,15,5,False,,COMPLETE_WITH_EXPLICIT_UNKNOWNS
35e368909e6534bbb964,FACTORY_CORPUS,121,11,4,Club E. Piano,PIANO,ACC2,STRONG,11,5296,CONTEXT_DEPENDENT,15,5,False,,COMPLETE_WITH_EXPLICIT_UNKNOWNS
f086ce5070afa1e8d1e9,FACTORY_CORPUS,121,11,17,Perc. Organ 5 V.,ORGAN,ACC2,FALLBACK,1,31,UNKNOWN,13,7,False,,COMPLETE_WITH_EXPLICIT_UNKNOWNS
a5b23159a1ea2987ad0d,FACTORY_CORPUS,121,11,21,Sweet Musette,ACCORDION_REED,ACC3,FALLBACK,2,631,UNKNOWN,15,5,False,,COMPLETE_WITH_EXPLICIT_UNKNOWNS
f186c382bcc23049c077,FACTORY_CORPUS,121,11,24,Nylon Gtr Pro2,GUITAR,ACC4,GOOD,5,5912,INSUFFICIENT_SPLIT_SUPPORT,16,4,False,velocity_triggered_sample_switching,COMPLETE_WITH_EXPLICIT_UNKNOWNS
23fe031488834377fe70,FACTORY_CORPUS,121,11,25,Mandolin Trem.,GUITAR,ACC5,FALLBACK,1,58,UNKNOWN,13,7,False,velocity_triggered_sample_switching,COMPLETE_WITH_EXPLICIT_UNKNOWNS
11a397bcf9f42b5b484a,FACTORY_CORPUS,121,11,27,Country Nu,GUITAR,ACC1,FALLBACK,1,173,UNKNOWN,14,6,False,velocity_triggered_sample_switching,COMPLETE_WITH_EXPLICIT_UNKNOWNS
d1f39bd0978c96f331b3,FACTORY_CORPUS,121,11,28,Clean Funk RX2,GUITAR,ACC2,STRONG,12,7785,CONTEXT_DEPENDENT,16,4,False,velocity_triggered_sample_switching,COMPLETE_WITH_EXPLICIT_UNKNOWNS
fd597770372f3ada1f15,FACTORY_CORPUS,121,11,33,More mid! Bass,BASS,BASS,LIMITED,3,1197,UNKNOWN,15,5,False,,COMPLETE_WITH_EXPLICIT_UNKNOWNS
cf8d682043dd6c0a31f5,FACTORY_CORPUS,121,11,38,Digi Bass 3,BASS,BASS,LIMITED,3,1264,UNKNOWN,16,4,False,,COMPLETE_WITH_EXPLICIT_UNKNOWNS
a0f023c6ce328494b426,FACTORY_CORPUS,121,11,48,Ensemble & Solo,ENSEMBLE,ACC4,FALLBACK,2,307,UNKNOWN,15,5,False,,COMPLETE_WITH_EXPLICIT_UNKNOWNS
6e8ec1e6906e8fe920a5,FACTORY_CORPUS,121,11,56,Trumpet Pro 2,BRASS,ACC5,FALLBACK,1,38,UNKNOWN,14,6,False,,COMPLETE_WITH_EXPLICIT_UNKNOWNS
57d44fb45cc43b018b61,FACTORY_CORPUS,121,11,61,Trombones,BRASS,ACC4,GOOD,5,2139,CONTEXT_DEPENDENT,15,5,False,,COMPLETE_WITH_EXPLICIT_UNKNOWNS
b7609aa889a138716d16,FACTORY_CORPUS,121,11,65,Cool Sax Ens.,REED,ACC3,LIMITED,3,1259,UNKNOWN,15,5,False,,COMPLETE_WITH_EXPLICIT_UNKNOWNS
5ad48dbb8a12f30b4e17,OFFICIAL_MANUAL_ONLY,121,11,73,Flute DNC,PIPE,MANUAL_ONLY,NO_FACTORY_SUPPORT,0,0,NO_FACTORY_SUPPORT,0,22,True,,COMPLETE_WITH_EXPLICIT_UNKNOWNS
d92ffb208e625570bfee,FACTORY_CORPUS,121,11,81,Rezbo,SYNTH_LEAD,ACC3,FALLBACK,1,273,UNKNOWN,15,5,False,,COMPLETE_WITH_EXPLICIT_UNKNOWNS
27d5146ef583fbfde03e,FACTORY_CORPUS,121,11,89,Vintage Pad,SYNTH_PAD,ACC3,FALLBACK,1,433,UNKNOWN,15,5,False,,COMPLETE_WITH_EXPLICIT_UNKNOWNS
2c14d885f6dff3667f0a,FACTORY_CORPUS,121,11,91,Fresh Air 2,SYNTH_PAD,ACC4,STRONG,14,2578,CONTEXT_DEPENDENT,14,6,False,,COMPLETE_WITH_EXPLICIT_UNKNOWNS
20e43a98b9461f3bf33b,FACTORY_CORPUS,121,12,24,Nylon Gtr RX1,GUITAR,ACC2,GOOD,8,9271,INSUFFICIENT_SPLIT_SUPPORT,16,4,False,velocity_triggered_sample_switching,COMPLETE_WITH_EXPLICIT_UNKNOWNS
6e17d9a09e1c44e6adf9,FACTORY_CORPUS,121,12,25,Reso. Guitar,GUITAR,ACC3,FALLBACK,1,577,UNKNOWN,15,5,False,velocity_triggered_sample_switching,COMPLETE_WITH_EXPLICIT_UNKNOWNS
1c9fae71e7df172db631,FACTORY_CORPUS,121,12,27,Funky Wah RX,GUITAR,ACC2,GOOD,7,6195,CONTEXT_DEPENDENT,16,4,False,velocity_triggered_sample_switching,COMPLETE_WITH_EXPLICIT_UNKNOWNS
13f98b4b77339d41f9d5,FACTORY_CORPUS,121,12,28,Funk Stein RX1,GUITAR,ACC2,GOOD,8,4614,INSUFFICIENT_SPLIT_SUPPORT,16,4,False,velocity_triggered_sample_switching,COMPLETE_WITH_EXPLICIT_UNKNOWNS
7d0bc5754d1c9e466b5c,FACTORY_CORPUS,121,12,33,Finger Slap 1,BASS,BASS,FALLBACK,1,205,UNKNOWN,15,5,False,,COMPLETE_WITH_EXPLICIT_UNKNOWNS
f3a14490e53dc678c316,FACTORY_CORPUS,121,12,48,Chamber Strings,ENSEMBLE,ACC3,FALLBACK,1,2525,UNKNOWN,14,6,False,,COMPLETE_WITH_EXPLICIT_UNKNOWNS
2f406adc0f48c895cb04,FACTORY_CORPUS,121,12,52,Choir Light,ENSEMBLE,ACC3,FALLBACK,1,119,UNKNOWN,14,6,False,,COMPLETE_WITH_EXPLICIT_UNKNOWNS
1731d7254c999ff0991a,FACTORY_CORPUS,121,12,56,Sweet FlugelHorn,BRASS,ACC2,FALLBACK,1,187,UNKNOWN,14,6,False,,COMPLETE_WITH_EXPLICIT_UNKNOWNS
2c6af121dd6465c0f0f3,OFFICIAL_MANUAL_ONLY,121,12,65,Alto Sax DNC,REED,MANUAL_ONLY,NO_FACTORY_SUPPORT,0,0,NO_FACTORY_SUPPORT,0,22,True,,COMPLETE_WITH_EXPLICIT_UNKNOWNS
51c20e703f479cdca048,OFFICIAL_MANUAL_ONLY,121,12,66,Tenor Sax DNC,REED,MANUAL_ONLY,NO_FACTORY_SUPPORT,0,0,NO_FACTORY_SUPPORT,0,22,True,,COMPLETE_WITH_EXPLICIT_UNKNOWNS
8387d23f6138830dc5bf,FACTORY_CORPUS,121,12,89,OB Pad,SYNTH_PAD,ACC1,FALLBACK,1,330,UNKNOWN,15,5,False,,COMPLETE_WITH_EXPLICIT_UNKNOWNS
f28543e6a6db3f184b39,FACTORY_CORPUS,121,12,91,Pop Synth Pad 2,SYNTH_PAD,ACC1,FALLBACK,2,652,UNKNOWN,14,6,False,,COMPLETE_WITH_EXPLICIT_UNKNOWNS
384c30bb0d2fcfa81c4f,FACTORY_CORPUS,121,13,5,White Pad EP,SYNTH_PAD,ACC1,GOOD,6,1368,CONTEXT_DEPENDENT,15,5,False,,COMPLETE_WITH_EXPLICIT_UNKNOWNS
d2d1d848bf7d333348d9,FACTORY_CORPUS,121,13,16,Gospel Organ V.,ORGAN,ACC3,STRONG,26,24296,CONTEXT_DEPENDENT,15,5,False,,COMPLETE_WITH_EXPLICIT_UNKNOWNS
51c8b7fe0b4f1e7c03d6,OFFICIAL_MANUAL_ONLY,121,13,18,Jimmy Organ DNC,ORGAN,MANUAL_ONLY,NO_FACTORY_SUPPORT,0,0,NO_FACTORY_SUPPORT,0,22,True,,COMPLETE_WITH_EXPLICIT_UNKNOWNS
dc75a1bbfff64a2a0224,FACTORY_CORPUS,121,13,24,Nylon Gtr RX2,GUITAR,ACC2,GOOD,8,9075,CONTEXT_DEPENDENT,16,4,False,velocity_triggered_sample_switching,COMPLETE_WITH_EXPLICIT_UNKNOWNS
564281fd58c0ffcd3608,FACTORY_CORPUS,121,13,25,Steel Slide Pro1,GUITAR,ACC1,LIMITED,3,3765,UNKNOWN,15,5,False,velocity_triggered_sample_switching,COMPLETE_WITH_EXPLICIT_UNKNOWNS
62c8f223a076a4506bcc,FACTORY_CORPUS,121,13,27,Clean Gtr Pro1,GUITAR,ACC3,GOOD,8,6529,CONTEXT_DEPENDENT,16,4,False,velocity_triggered_sample_switching,COMPLETE_WITH_EXPLICIT_UNKNOWNS
e72539bf7fbe6fc22714,FACTORY_CORPUS,121,13,28,Funk Stein RX2,GUITAR,ACC3,GOOD,9,6249,INSUFFICIENT_SPLIT_SUPPORT,16,4,False,velocity_triggered_sample_switching,COMPLETE_WITH_EXPLICIT_UNKNOWNS
633b9eb8992439fb8dc1,FACTORY_CORPUS,121,13,33,Finger Bass RX,BASS,BASS,STRONG,10,4774,CONTEXT_DEPENDENT,16,4,False,,COMPLETE_WITH_EXPLICIT_UNKNOWNS
11a3ee2d691bbd723154,FACTORY_CORPUS,121,13,48,Arabic Strings,ENSEMBLE,ACC5,LIMITED,4,1233,UNKNOWN,15,5,False,,COMPLETE_WITH_EXPLICIT_UNKNOWNS
4c215c405b8ffe690109,FACTORY_CORPUS,121,13,56,Flugel Horn Pro,BRASS,ACC5,FALLBACK,2,151,UNKNOWN,15,5,False,,COMPLETE_WITH_EXPLICIT_UNKNOWNS
feffce0e1c2b84eb1f84,OFFICIAL_MANUAL_ONLY,121,13,57,Trombone DNC,BRASS,MANUAL_ONLY,NO_FACTORY_SUPPORT,0,0,NO_FACTORY_SUPPORT,0,22,True,,COMPLETE_WITH_EXPLICIT_UNKNOWNS
eb2ca87741702b385c93,FACTORY_CORPUS,121,13,61,Fat Brass,BRASS,ACC4,STRONG,10,6518,CONTEXT_DEPENDENT,15,5,False,,COMPLETE_WITH_EXPLICIT_UNKNOWNS
72ed6ce9025bf4f2f69e,OFFICIAL_MANUAL_ONLY,121,13,71,Clarinet DNC,REED,MANUAL_ONLY,NO_FACTORY_SUPPORT,0,0,NO_FACTORY_SUPPORT,0,22,True,,COMPLETE_WITH_EXPLICIT_UNKNOWNS
0b81972a3523cee43c56,FACTORY_CORPUS,121,14,21,Cassotto NorTune,ORGAN,ACC3,FALLBACK,1,199,UNKNOWN,14,6,False,,COMPLETE_WITH_EXPLICIT_UNKNOWNS
f566c203c6c0688f71d1,FACTORY_CORPUS,121,14,24,Nylon Slide Pro,GUITAR,ACC1,GOOD,9,5876,CONTEXT_DEPENDENT,16,4,False,velocity_triggered_sample_switching,COMPLETE_WITH_EXPLICIT_UNKNOWNS
94d07e71887683d2d4ee,FACTORY_CORPUS,121,14,25,Steel Slide Pro2,GUITAR,ACC2,GOOD,6,13553,CONTEXT_DEPENDENT,15,5,False,velocity_triggered_sample_switching,COMPLETE_WITH_EXPLICIT_UNKNOWNS
3ddb6f707478352e4c09,FACTORY_CORPUS,121,14,27,Single Coil Pro,GUITAR,ACC2,GOOD,8,5551,CONTEXT_DEPENDENT,16,4,False,velocity_triggered_sample_switching,COMPLETE_WITH_EXPLICIT_UNKNOWNS
ad177a4ace3811806a8f,FACTORY_CORPUS,121,14,28,Clean Guitar RX1,GUITAR,ACC2,STRONG,17,21847,CONTEXT_DEPENDENT,16,4,False,velocity_triggered_sample_switching,COMPLETE_WITH_EXPLICIT_UNKNOWNS
4e667caf8053fa284489,FACTORY_CORPUS,121,14,38,Auto Pilot 1,BASS,ACC4,FALLBACK,1,467,UNKNOWN,14,6,False,,COMPLETE_WITH_EXPLICIT_UNKNOWNS
64b46ffce47311bd0187,FACTORY_CORPUS,121,14,48,Orchestra Tutti1,ENSEMBLE,ACC2,FALLBACK,1,214,UNKNOWN,14,6,False,,COMPLETE_WITH_EXPLICIT_UNKNOWNS
b590dd3aed5bd8982151,FACTORY_CORPUS,121,14,61,Dyna Brass 1,BRASS,ACC5,LIMITED,3,557,UNKNOWN,14,6,False,,COMPLETE_WITH_EXPLICIT_UNKNOWNS
d443ed72da40644f9a9b,FACTORY_CORPUS,121,15,4,Vel. Wurly,PIANO,ACC1,FALLBACK,1,4,UNKNOWN,8,12,False,,COMPLETE_WITH_EXPLICIT_UNKNOWNS
d03a5fbfba2757472327,FACTORY_CORPUS,121,15,5,FM Pad E.P.,SYNTH_PAD,ACC2,LIMITED,3,252,UNKNOWN,14,6,False,,COMPLETE_WITH_EXPLICIT_UNKNOWNS
9fe93d7d1694aebc5dc4,FACTORY_CORPUS,121,15,16,Organ Low 2 V.,ORGAN,ACC2,FALLBACK,1,113,UNKNOWN,14,6,False,,COMPLETE_WITH_EXPLICIT_UNKNOWNS
ec7d7774b36c9e072dd7,FACTORY_CORPUS,121,15,24,Nylon Guitar 2,GUITAR,ACC1,GOOD,5,5343,STABLE,16,4,False,velocity_triggered_sample_switching,COMPLETE_WITH_EXPLICIT_UNKNOWNS
ee7614cb692f1f55f726,FACTORY_CORPUS,121,15,25,Steel Guitar RX1,GUITAR,ACC2,STRONG,19,31627,CONTEXT_DEPENDENT,16,4,False,velocity_triggered_sample_switching,COMPLETE_WITH_EXPLICIT_UNKNOWNS
7f82153dc1941678921a,FACTORY_CORPUS,121,15,27,Clean Gtr Pro2,GUITAR,ACC2,GOOD,7,8250,CONTEXT_DEPENDENT,16,4,False,velocity_triggered_sample_switching,COMPLETE_WITH_EXPLICIT_UNKNOWNS
333d152d83ab3847f58d,FACTORY_CORPUS,121,15,28,Clean Guitar RX2,GUITAR,ACC1,LIMITED,3,1167,UNKNOWN,14,6,False,velocity_triggered_sample_switching,COMPLETE_WITH_EXPLICIT_UNKNOWNS
3661462429d76667d156,FACTORY_CORPUS,121,15,48,Strings & Horns,ENSEMBLE,ACC5,FALLBACK,2,166,UNKNOWN,15,5,False,,COMPLETE_WITH_EXPLICIT_UNKNOWNS
0039bd12b3fd7f1c2289,FACTORY_CORPUS,121,15,52,Femal Scat,ENSEMBLE,ACC4,FALLBACK,1,102,UNKNOWN,14,6,False,,COMPLETE_WITH_EXPLICIT_UNKNOWNS
610644cf386cfaa8d631,FACTORY_CORPUS,121,15,56,Trumpet Expr.1,BRASS,ACC4,LIMITED,3,584,UNKNOWN,15,5,False,,COMPLETE_WITH_EXPLICIT_UNKNOWNS
b1353377f2e831879edc,FACTORY_CORPUS,121,16,4,Tremolo Wurly,PIANO,ACC1,FALLBACK,1,12,UNKNOWN,12,8,False,,COMPLETE_WITH_EXPLICIT_UNKNOWNS
f4a711aaefbfce365905,FACTORY_CORPUS,121,16,5,FM Stack E.P.,PIANO,ACC1,FALLBACK,1,56,UNKNOWN,13,7,False,,COMPLETE_WITH_EXPLICIT_UNKNOWNS
acca8cd708136b16098b,FACTORY_CORPUS,121,16,16,Organ Mid V.,ORGAN,ACC5,FALLBACK,1,16,UNKNOWN,12,8,False,,COMPLETE_WITH_EXPLICIT_UNKNOWNS
1a25663b7fd6452fbdb4,FACTORY_CORPUS,121,16,21,2 Voices Musette,ACCORDION_REED,ACC1,FALLBACK,1,1420,UNKNOWN,14,6,False,,COMPLETE_WITH_EXPLICIT_UNKNOWNS
317decfac5a6eb0cfe39,FACTORY_CORPUS,121,16,24,RealNylon Gtr ST,GUITAR,ACC3,GOOD,5,3095,MODERATE,15,5,False,velocity_triggered_sample_switching,COMPLETE_WITH_EXPLICIT_UNKNOWNS
bf4612a97113be02d5e8,FACTORY_CORPUS,121,16,25,Steel Guitar RX2,GUITAR,ACC2,STRONG,11,14054,CONTEXT_DEPENDENT,16,4,False,velocity_triggered_sample_switching,COMPLETE_WITH_EXPLICIT_UNKNOWNS
58297675e9bae8e50487,FACTORY_CORPUS,121,16,27,Stra. Vel. Pro,GUITAR,ACC3,GOOD,6,9772,CONTEXT_DEPENDENT,16,4,False,velocity_triggered_sample_switching,COMPLETE_WITH_EXPLICIT_UNKNOWNS
0bb3fa887a0d038fd6c6,FACTORY_CORPUS,121,16,28,Clean Guitar RX3,GUITAR,ACC2,GOOD,7,2843,INSUFFICIENT_SPLIT_SUPPORT,16,4,False,velocity_triggered_sample_switching,COMPLETE_WITH_EXPLICIT_UNKNOWNS
bbf82691ddb8b75231c3,OFFICIAL_MANUAL_ONLY,121,16,33,Finger Bass DNC,BASS,MANUAL_ONLY,NO_FACTORY_SUPPORT,0,0,NO_FACTORY_SUPPORT,0,22,True,,COMPLETE_WITH_EXPLICIT_UNKNOWNS
fb5ed93082339bc45964,FACTORY_CORPUS,121,16,52,Male Scat,ENSEMBLE,ACC4,FALLBACK,1,57,UNKNOWN,14,6,False,,COMPLETE_WITH_EXPLICIT_UNKNOWNS
3a09d6bce938295cc93b,FACTORY_CORPUS,121,16,56,Trumpet Pro 3,BRASS,ACC5,LIMITED,3,285,UNKNOWN,14,6,False,,COMPLETE_WITH_EXPLICIT_UNKNOWNS
90515986130205a297ae,FACTORY_CORPUS,121,16,61,Brass & Sax,BRASS,ACC5,LIMITED,3,1348,UNKNOWN,14,6,False,,COMPLETE_WITH_EXPLICIT_UNKNOWNS
2b736070dcb0b6ca50bc,FACTORY_CORPUS,121,17,24,Real Nylon Gtr,GUITAR,ACC3,GOOD,7,8862,STABLE,16,4,False,velocity_triggered_sample_switching,COMPLETE_WITH_EXPLICIT_UNKNOWNS
6af3ae9549b26891c186,FACTORY_CORPUS,121,17,25,12 Strings Pro,GUITAR,ACC1,STRONG,11,13073,CONTEXT_DEPENDENT,16,4,False,velocity_triggered_sample_switching,COMPLETE_WITH_EXPLICIT_UNKNOWNS
196c09631a5d748f49e8,FACTORY_CORPUS,121,17,28,Clean Guitar RX4,GUITAR,ACC2,LIMITED,4,4604,UNKNOWN,16,4,False,velocity_triggered_sample_switching,COMPLETE_WITH_EXPLICIT_UNKNOWNS
23ff8e8f053ebe595332,FACTORY_CORPUS,121,17,56,Alp Trumpet,BRASS,ACC5,FALLBACK,1,191,UNKNOWN,14,6,False,,COMPLETE_WITH_EXPLICIT_UNKNOWNS
3fa0c0216055a35288d7,FACTORY_CORPUS,121,17,61,Film Brass,BRASS,ACC5,FALLBACK,1,9,UNKNOWN,12,8,False,,COMPLETE_WITH_EXPLICIT_UNKNOWNS
9f5a69e170f588e1ef07,FACTORY_CORPUS,121,18,4,Tine E.Piano RX,PIANO,ACC1,STRONG,13,3424,CONTEXT_DEPENDENT,15,5,False,,COMPLETE_WITH_EXPLICIT_UNKNOWNS
6bb3e90dc41e26b50404,FACTORY_CORPUS,121,18,16,Drawbars Fast V.,ORGAN,ACC5,GOOD,5,730,INSUFFICIENT_SPLIT_SUPPORT,14,6,False,,COMPLETE_WITH_EXPLICIT_UNKNOWNS
f5ceb05cda99b910fc3f,FACTORY_CORPUS,121,18,21,French Musette,ACCORDION_REED,ACC4,LIMITED,3,2319,UNKNOWN,14,6,False,,COMPLETE_WITH_EXPLICIT_UNKNOWNS
cd38b71520c8a4504740,OFFICIAL_MANUAL_ONLY,121,18,24,Nylon Guitar DNC,GUITAR,MANUAL_ONLY,NO_FACTORY_SUPPORT,0,0,NO_FACTORY_SUPPORT,0,22,True,,COMPLETE_WITH_EXPLICIT_UNKNOWNS
6a785aadb0e576d2d207,FACTORY_CORPUS,121,18,25,12 Strings RX,GUITAR,ACC3,LIMITED,4,7813,UNKNOWN,15,5,False,velocity_triggered_sample_switching,COMPLETE_WITH_EXPLICIT_UNKNOWNS
a6ee019f8bef370448f4,FACTORY_CORPUS,121,18,27,Chorus Gtr Pro,GUITAR,ACC3,STRONG,12,4356,CONTEXT_DEPENDENT,16,4,False,velocity_triggered_sample_switching,COMPLETE_WITH_EXPLICIT_UNKNOWNS
0aced618537ac96f19fc,FACTORY_CORPUS,121,18,48,Strings & Glock.,ENSEMBLE,ACC3,FALLBACK,1,130,UNKNOWN,14,6,False,,COMPLETE_WITH_EXPLICIT_UNKNOWNS
a48550e8ae677077badc,FACTORY_CORPUS,121,18,56,Trumpet Shake Y+,BRASS,ACC5,LIMITED,3,376,UNKNOWN,16,4,False,,COMPLETE_WITH_EXPLICIT_UNKNOWNS
5a584c34a1cbfda3ee2c,FACTORY_CORPUS,121,19,4,Tine E.Piano,PIANO,ACC1,STRONG,11,3022,CONTEXT_DEPENDENT,15,5,False,,COMPLETE_WITH_EXPLICIT_UNKNOWNS
450cc7baeb30fd04b403,OFFICIAL_MANUAL_ONLY,121,19,24,Natural Nylon DNC,GUITAR,MANUAL_ONLY,NO_FACTORY_SUPPORT,0,0,NO_FACTORY_SUPPORT,0,22,True,,COMPLETE_WITH_EXPLICIT_UNKNOWNS
678727404bc89d946efd,FACTORY_CORPUS,121,19,25,Steel Guitar Pro,GUITAR,ACC2,STRONG,24,27978,CONTEXT_DEPENDENT,16,4,False,velocity_triggered_sample_switching,COMPLETE_WITH_EXPLICIT_UNKNOWNS
f548ac39d7f4d6efc785,FACTORY_CORPUS,121,19,27,Vintage S.1,GUITAR,ACC3,LIMITED,3,142,UNKNOWN,15,5,False,velocity_triggered_sample_switching,COMPLETE_WITH_EXPLICIT_UNKNOWNS
a808867a99e9cfddb97d,FACTORY_CORPUS,121,19,28,Muted Guitar 2,GUITAR,ACC4,FALLBACK,1,40,UNKNOWN,13,7,False,velocity_triggered_sample_switching,COMPLETE_WITH_EXPLICIT_UNKNOWNS
1bced95f9726894ba608,FACTORY_CORPUS,121,19,56,Concert Trumpet,BRASS,ACC3,FALLBACK,2,820,UNKNOWN,14,6,False,,COMPLETE_WITH_EXPLICIT_UNKNOWNS
a8c2f32f2c0842baabad,FACTORY_CORPUS,121,20,4,Suit E.Piano 1,PIANO,ACC1,GOOD,6,1784,CONTEXT_DEPENDENT,16,4,False,,COMPLETE_WITH_EXPLICIT_UNKNOWNS
1676275e41482cb8c754,FACTORY_CORPUS,121,20,16,BX3 Jazz V.,ORGAN,ACC3,LIMITED,3,321,UNKNOWN,14,6,False,,COMPLETE_WITH_EXPLICIT_UNKNOWNS
62b9f173719dd6e29297,FACTORY_CORPUS,121,20,25,Steel Guitar 3,GUITAR,ACC1,GOOD,7,3933,CONTEXT_DEPENDENT,15,5,False,velocity_triggered_sample_switching,COMPLETE_WITH_EXPLICIT_UNKNOWNS
e82ddbe1451717a1cf51,FACTORY_CORPUS,121,20,27,Clean Guitar 2,GUITAR,ACC2,GOOD,8,6317,CONTEXT_DEPENDENT,15,5,False,velocity_triggered_sample_switching,COMPLETE_WITH_EXPLICIT_UNKNOWNS
54280bbbae4a6581d824,OFFICIAL_MANUAL_ONLY,121,20,52,Scat Voices DNC,ENSEMBLE,MANUAL_ONLY,NO_FACTORY_SUPPORT,0,0,NO_FACTORY_SUPPORT,0,22,True,,COMPLETE_WITH_EXPLICIT_UNKNOWNS
49fc7019d771ab1c5210,FACTORY_CORPUS,121,20,56,Concert Trp.Pro,BRASS,ACC4,FALLBACK,2,6,UNKNOWN,14,6,False,,COMPLETE_WITH_EXPLICIT_UNKNOWNS
23584bc69df3e701cc12,FACTORY_CORPUS,121,21,4,Suit E.Piano 2,PIANO,ACC1,GOOD,9,1319,CONTEXT_DEPENDENT,14,6,False,,COMPLETE_WITH_EXPLICIT_UNKNOWNS
7ca71f57ece69530c734,FACTORY_CORPUS,121,21,16,BX3 Gospel V.,ORGAN,ACC1,FALLBACK,1,16,UNKNOWN,12,8,False,,COMPLETE_WITH_EXPLICIT_UNKNOWNS
a6dc9e057e3ee2680c99,FACTORY_CORPUS,121,21,27,Solid Guitar,GUITAR,ACC2,GOOD,7,4106,CONTEXT_DEPENDENT,16,4,False,velocity_triggered_sample_switching,COMPLETE_WITH_EXPLICIT_UNKNOWNS
add03295318c7fd79464,FACTORY_CORPUS,121,21,28,5th Mute Gtr,GUITAR,ACC3,GOOD,5,4082,CONTEXT_DEPENDENT,16,4,False,velocity_triggered_sample_switching,COMPLETE_WITH_EXPLICIT_UNKNOWNS
c3bc5f9a30401b167e78,FACTORY_CORPUS,121,21,56,Cornet Expr.,BRASS,ACC3,FALLBACK,1,310,UNKNOWN,14,6,False,,COMPLETE_WITH_EXPLICIT_UNKNOWNS
aad7682b898382fe0f77,FACTORY_CORPUS,121,22,4,Dyno Tine EP 2,PIANO,ACC1,FALLBACK,2,406,UNKNOWN,14,6,False,,COMPLETE_WITH_EXPLICIT_UNKNOWNS
76862b4f7440943a297e,FACTORY_CORPUS,121,22,16,Theatre Organ 1,ORGAN,ACC1,FALLBACK,1,210,UNKNOWN,14,6,False,,COMPLETE_WITH_EXPLICIT_UNKNOWNS
b3cd844fe9f463c12bfc,FACTORY_CORPUS,121,22,27,Clean Jazz 1,GUITAR,ACC4,FALLBACK,1,54,UNKNOWN,13,7,False,velocity_triggered_sample_switching,COMPLETE_WITH_EXPLICIT_UNKNOWNS
0812fccfcdab53cea587,FACTORY_CORPUS,121,22,61,Dyna Brass 2,BRASS,ACC3,FALLBACK,1,112,UNKNOWN,14,6,False,,COMPLETE_WITH_EXPLICIT_UNKNOWNS
8be9210c655552588e8f,FACTORY_CORPUS,121,23,4,Bell E. Piano 1,PIANO,ACC5,FALLBACK,1,24,UNKNOWN,13,7,False,,COMPLETE_WITH_EXPLICIT_UNKNOWNS
d8af04a03369f7a7b009,FACTORY_CORPUS,121,23,16,Theatre Organ 2,ORGAN,ACC4,FALLBACK,1,100,UNKNOWN,14,6,False,,COMPLETE_WITH_EXPLICIT_UNKNOWNS
fbde67738057be16d3d7,FACTORY_CORPUS,121,23,21,Master Accordion,ACCORDION_REED,ACC5,GOOD,6,1275,CONTEXT_DEPENDENT,14,6,False,,COMPLETE_WITH_EXPLICIT_UNKNOWNS
23b95233a97cd838fd87,FACTORY_CORPUS,121,23,61,Sforzato Brass,BRASS,ACC2,GOOD,8,2451,MODERATE,15,5,False,,COMPLETE_WITH_EXPLICIT_UNKNOWNS
9b499518953ddfeecb49,FACTORY_CORPUS,121,24,25,Pop SteelGtr RX1,GUITAR,ACC4,FALLBACK,2,954,UNKNOWN,15,5,False,velocity_triggered_sample_switching,COMPLETE_WITH_EXPLICIT_UNKNOWNS
277b4b0478aeb178fffa,FACTORY_CORPUS,121,24,27,'54 E. Guitar,GUITAR,ACC1,FALLBACK,1,627,UNKNOWN,15,5,False,velocity_triggered_sample_switching,COMPLETE_WITH_EXPLICIT_UNKNOWNS
fd4a21c5dc3b4a4448cc,OFFICIAL_MANUAL_ONLY,121,24,56,Trumpet DNC,BRASS,MANUAL_ONLY,NO_FACTORY_SUPPORT,0,0,NO_FACTORY_SUPPORT,0,22,True,,COMPLETE_WITH_EXPLICIT_UNKNOWNS
ef636b01e202d9aa5d67,FACTORY_CORPUS,121,24,61,Double Brass,BRASS,ACC2,FALLBACK,1,260,UNKNOWN,15,5,False,,COMPLETE_WITH_EXPLICIT_UNKNOWNS
835dd1fb638b4bdc0ed1,OFFICIAL_MANUAL_ONLY,121,25,4,EP+Damper1 DNC,PIANO,MANUAL_ONLY,NO_FACTORY_SUPPORT,0,0,NO_FACTORY_SUPPORT,0,22,True,,COMPLETE_WITH_EXPLICIT_UNKNOWNS
10ba9c598081dcf0da45,FACTORY_CORPUS,121,25,21,Steirisch.Akk.1,ACCORDION_REED,ACC1,STRONG,12,16541,CONTEXT_DEPENDENT,16,4,False,,COMPLETE_WITH_EXPLICIT_UNKNOWNS
5f5790a1dc4e707275a2,FACTORY_CORPUS,121,25,25,Pop SteelGtr RX2,GUITAR,ACC2,LIMITED,3,4066,UNKNOWN,16,4,False,velocity_triggered_sample_switching,COMPLETE_WITH_EXPLICIT_UNKNOWNS
375a33dbaec307312b54,OFFICIAL_MANUAL_ONLY,121,25,56,Cornet DNC,BRASS,MANUAL_ONLY,NO_FACTORY_SUPPORT,0,0,NO_FACTORY_SUPPORT,0,22,True,,COMPLETE_WITH_EXPLICIT_UNKNOWNS
21270ec6e78f3aa4d564,FACTORY_CORPUS,121,25,61,Brass Hit,BRASS,ACC4,FALLBACK,1,154,UNKNOWN,14,6,False,,COMPLETE_WITH_EXPLICIT_UNKNOWNS
7a8b3bc6f76019f26863,OFFICIAL_MANUAL_ONLY,121,26,4,EP+Damper2 DNC,PIANO,MANUAL_ONLY,NO_FACTORY_SUPPORT,0,0,NO_FACTORY_SUPPORT,0,22,True,,COMPLETE_WITH_EXPLICIT_UNKNOWNS
2824d4917828d5105626,FACTORY_CORPUS,121,26,16,Tibia,ORGAN,ACC5,FALLBACK,1,224,UNKNOWN,14,6,False,,COMPLETE_WITH_EXPLICIT_UNKNOWNS
742746f90be955255980,FACTORY_CORPUS,121,26,21,Steirisch.Akk.2,ACCORDION_REED,ACC3,FALLBACK,2,1268,UNKNOWN,14,6,False,,COMPLETE_WITH_EXPLICIT_UNKNOWNS
c8a391e09b672362df1f,FACTORY_CORPUS,121,27,25,Mandolin Ens. 2,GUITAR,ACC4,FALLBACK,1,138,UNKNOWN,14,6,False,velocity_triggered_sample_switching,COMPLETE_WITH_EXPLICIT_UNKNOWNS
9f7f59d1c8d458838871,FACTORY_CORPUS,121,27,61,Tight Brass 1,BRASS,ACC2,GOOD,9,2432,CONTEXT_DEPENDENT,15,5,False,,COMPLETE_WITH_EXPLICIT_UNKNOWNS
c13f58ce4f68f5edf55e,FACTORY_CORPUS,121,28,16,Tibia & Vox,ORGAN,ACC5,FALLBACK,1,117,UNKNOWN,14,6,False,,COMPLETE_WITH_EXPLICIT_UNKNOWNS
127de20743681e497fd8,FACTORY_CORPUS,121,28,21,Steirisch.Akk.4,ACCORDION_REED,ACC5,FALLBACK,2,573,UNKNOWN,14,6,False,,COMPLETE_WITH_EXPLICIT_UNKNOWNS
6d2d00dd8bec256f832e,FACTORY_CORPUS,121,28,27,Real El. Gtr ST1,GUITAR,ACC2,FALLBACK,1,451,UNKNOWN,15,5,False,velocity_triggered_sample_switching,COMPLETE_WITH_EXPLICIT_UNKNOWNS
c7ffd94b290d5d7611f1,FACTORY_CORPUS,121,28,61,Tight Brass Pro,BRASS,ACC5,GOOD,7,2674,CONTEXT_DEPENDENT,15,5,False,,COMPLETE_WITH_EXPLICIT_UNKNOWNS
ed9d334cc30f0426d414,FACTORY_CORPUS,121,29,16,Post Horn Trem.,ORGAN,ACC5,FALLBACK,1,256,UNKNOWN,14,6,False,,COMPLETE_WITH_EXPLICIT_UNKNOWNS
eab7fbf945ef1353f367,FACTORY_CORPUS,121,29,25,RealFolk Gtr ST1,GUITAR,ACC1,GOOD,6,5311,INSUFFICIENT_SPLIT_SUPPORT,16,4,False,velocity_triggered_sample_switching,COMPLETE_WITH_EXPLICIT_UNKNOWNS
545914e07e3f519ecd2a,FACTORY_CORPUS,121,29,27,Real El.Gtr ST2,GUITAR,ACC2,GOOD,8,8642,CONTEXT_DEPENDENT,16,4,False,velocity_triggered_sample_switching,COMPLETE_WITH_EXPLICIT_UNKNOWNS
b0d63fb43b86d0bd792b,FACTORY_CORPUS,121,29,61,Tight Brass 2,BRASS,ACC3,GOOD,5,1070,INSUFFICIENT_SPLIT_SUPPORT,15,5,False,,COMPLETE_WITH_EXPLICIT_UNKNOWNS
b2cdd4d5d4f981608417,FACTORY_CORPUS,121,30,25,RealFolk Gtr ST2,GUITAR,ACC5,GOOD,5,2737,CONTEXT_DEPENDENT,15,5,False,velocity_triggered_sample_switching,COMPLETE_WITH_EXPLICIT_UNKNOWNS
68d17824af96ffd4b7d1,FACTORY_CORPUS,121,30,61,Brass of Power,BRASS,ACC4,LIMITED,4,522,UNKNOWN,14,6,False,,COMPLETE_WITH_EXPLICIT_UNKNOWNS
ebfc4da952663b6451f8,FACTORY_CORPUS,121,31,16,Tibia & Kinura,ORGAN,ACC2,FALLBACK,1,121,UNKNOWN,14,6,False,,COMPLETE_WITH_EXPLICIT_UNKNOWNS
3347a6f53540444410af,FACTORY_CORPUS,121,31,25,Real Steel Gtr,GUITAR,ACC3,LIMITED,3,1109,UNKNOWN,15,5,False,velocity_triggered_sample_switching,COMPLETE_WITH_EXPLICIT_UNKNOWNS
22af4a7a93f3cf2dc1dd,FACTORY_CORPUS,121,31,27,Real El. Guitar2,GUITAR,ACC4,FALLBACK,1,1950,UNKNOWN,15,5,False,velocity_triggered_sample_switching,COMPLETE_WITH_EXPLICIT_UNKNOWNS
55a2c50b83d5a1381586,FACTORY_CORPUS,121,32,0,Classic Piano,PIANO,ACC1,FALLBACK,1,7,UNKNOWN,13,7,False,,COMPLETE_WITH_EXPLICIT_UNKNOWNS
67acfc4d0b1d0700f055,FACTORY_CORPUS,121,32,0,Grand Piano,PIANO,ACC1,LIMITED,4,109,UNKNOWN,15,5,False,,COMPLETE_WITH_EXPLICIT_UNKNOWNS
42fca240e619154590bb,FACTORY_CORPUS,121,32,2,Grand&FM Stack,PIANO,ACC1,FALLBACK,1,34,UNKNOWN,14,6,False,,COMPLETE_WITH_EXPLICIT_UNKNOWNS
c69b675bdab961404c36,FACTORY_CORPUS,121,32,4,Club E. Piano,PIANO,ACC1,FALLBACK,1,12,UNKNOWN,12,8,False,,COMPLETE_WITH_EXPLICIT_UNKNOWNS
ffdd8650a8fdfcc2fc43,FACTORY_CORPUS,121,32,4,Detuned EP 1,PIANO,ACC1,FALLBACK,1,9,UNKNOWN,13,7,False,,COMPLETE_WITH_EXPLICIT_UNKNOWNS
2ceb7feb74cdc8268dbc,FACTORY_CORPUS,121,32,4,Studio EP,PIANO,ACC4,FALLBACK,1,30,UNKNOWN,13,7,False,,COMPLETE_WITH_EXPLICIT_UNKNOWNS
8bfc529a9d035d8071db,FACTORY_CORPUS,121,32,4,Vintage EP,PIANO,ACC1,FALLBACK,1,54,UNKNOWN,15,5,False,,COMPLETE_WITH_EXPLICIT_UNKNOWNS
7117b8842e135089ec25,FACTORY_CORPUS,121,32,5,EP Phase,PIANO,ACC1,FALLBACK,1,41,UNKNOWN,12,8,False,,COMPLETE_WITH_EXPLICIT_UNKNOWNS
2a596ef950ab4b610d4c,FACTORY_CORPUS,121,32,16,Tibia Vox Glock,ORGAN,ACC1,FALLBACK,1,208,UNKNOWN,14,6,False,,COMPLETE_WITH_EXPLICIT_UNKNOWNS
d419bbb79513b0ea9058,FACTORY_CORPUS,121,32,18,BX3 Rock 3 V.,ORGAN,ACC4,FALLBACK,1,81,UNKNOWN,13,7,False,,COMPLETE_WITH_EXPLICIT_UNKNOWNS
e2b0205721fe8c5e92fe,FACTORY_CORPUS,121,32,21,Sweet Musette,ACCORDION_REED,ACC4,FALLBACK,1,27,UNKNOWN,12,8,False,,COMPLETE_WITH_EXPLICIT_UNKNOWNS
58ac9c6ecd4139af03d7,FACTORY_CORPUS,121,32,24,Nylon Gtr Pro2,GUITAR,ACC4,FALLBACK,1,122,UNKNOWN,16,4,False,velocity_triggered_sample_switching,COMPLETE_WITH_EXPLICIT_UNKNOWNS
2051b455001c97489338,FACTORY_CORPUS,121,32,24,Nylon Slide Pro,GUITAR,ACC2,FALLBACK,1,7,UNKNOWN,10,10,False,velocity_triggered_sample_switching,COMPLETE_WITH_EXPLICIT_UNKNOWNS
d981f0df452a70acf09b,FACTORY_CORPUS,121,32,24,Real Nylon Gtr,GUITAR,ACC2,FALLBACK,1,24,UNKNOWN,13,7,False,velocity_triggered_sample_switching,COMPLETE_WITH_EXPLICIT_UNKNOWNS
3b70e7ee0a1920a6d13d,FACTORY_CORPUS,121,32,25,Real Folk Gtr,GUITAR,ACC2,STRONG,13,12419,CONTEXT_DEPENDENT,16,4,False,velocity_triggered_sample_switching,COMPLETE_WITH_EXPLICIT_UNKNOWNS
1718d834cef32a01f6f4,FACTORY_CORPUS,121,32,25,Steel Guitar 3,GUITAR,ACC2,FALLBACK,1,21,UNKNOWN,12,8,False,velocity_triggered_sample_switching,COMPLETE_WITH_EXPLICIT_UNKNOWNS
b28a49b317bc4d6c15b1,FACTORY_CORPUS,121,32,26,Pedal Steel Gtr1,GUITAR,ACC3,FALLBACK,1,75,UNKNOWN,15,5,False,velocity_triggered_sample_switching,COMPLETE_WITH_EXPLICIT_UNKNOWNS
03e026363e1d5dfe4dc3,FACTORY_CORPUS,121,32,26,Pedal Steel Gtr2,GUITAR,ACC3,FALLBACK,1,58,UNKNOWN,15,5,False,velocity_triggered_sample_switching,COMPLETE_WITH_EXPLICIT_UNKNOWNS
6056d80d3d632212f413,FACTORY_CORPUS,121,32,27,Chorus Gtr Pro,GUITAR,ACC5,FALLBACK,1,16,UNKNOWN,13,7,False,velocity_triggered_sample_switching,COMPLETE_WITH_EXPLICIT_UNKNOWNS
02e4bd4972fde0545c54,FACTORY_CORPUS,121,32,27,Clean Gtr Pro1,GUITAR,ACC3,FALLBACK,2,136,UNKNOWN,16,4,False,velocity_triggered_sample_switching,COMPLETE_WITH_EXPLICIT_UNKNOWNS
cd3a6ea3735a966e59e3,FACTORY_CORPUS,121,32,27,Real El.Gtr ST2,GUITAR,ACC4,FALLBACK,1,85,UNKNOWN,14,6,False,velocity_triggered_sample_switching,COMPLETE_WITH_EXPLICIT_UNKNOWNS
64985acaed70f742e211,FACTORY_CORPUS,121,32,30,Dist. Guitar RX2,GUITAR,ACC4,FALLBACK,1,21,UNKNOWN,12,8,False,velocity_triggered_sample_switching,COMPLETE_WITH_EXPLICIT_UNKNOWNS
4b7d06814ebb0c83ca8e,FACTORY_CORPUS,121,32,61,Big Band Brass 1,BRASS,ACC5,FALLBACK,1,743,UNKNOWN,15,5,False,,COMPLETE_WITH_EXPLICIT_UNKNOWNS
4c177dbb2aa1572a1d18,FACTORY_CORPUS,121,32,61,Tight Brass 3,BRASS,ACC3,FALLBACK,2,36,UNKNOWN,13,7,False,,COMPLETE_WITH_EXPLICIT_UNKNOWNS
baf6fca10b3744f01b95,FACTORY_CORPUS,121,32,80,Sine Wave,SYNTH_LEAD,ACC3,FALLBACK,1,4,UNKNOWN,13,7,False,,COMPLETE_WITH_EXPLICIT_UNKNOWNS
209c3744c56c95f5173f,FACTORY_CORPUS,121,33,25,Real 12 Strings,GUITAR,ACC3,FALLBACK,2,897,UNKNOWN,16,4,False,velocity_triggered_sample_switching,COMPLETE_WITH_EXPLICIT_UNKNOWNS
a6ca5c19995c7200958c,OFFICIAL_MANUAL_ONLY,121,34,25,RealFolk Gtr DNC,GUITAR,MANUAL_ONLY,NO_FACTORY_SUPPORT,0,0,NO_FACTORY_SUPPORT,0,22,True,,COMPLETE_WITH_EXPLICIT_UNKNOWNS
837f86ce3e0a1424cb78,FACTORY_CORPUS,121,34,61,Trpts &Trombs,BRASS,ACC3,LIMITED,3,536,UNKNOWN,15,5,False,,COMPLETE_WITH_EXPLICIT_UNKNOWNS
1066bb1a13ee40fb41b8,OFFICIAL_MANUAL_ONLY,121,35,25,Steel Gtr DNC,GUITAR,MANUAL_ONLY,NO_FACTORY_SUPPORT,0,0,NO_FACTORY_SUPPORT,0,22,True,,COMPLETE_WITH_EXPLICIT_UNKNOWNS
