msb,lsb,program,sound,role,family,notes,styles,grade,v_workmin,v_idealmin,v_center,v_idealmax,v_workmax,key_workmin,key_center,key_workmax,special_pitch_candidates
120,0,5,Standard Kit RX1,DRUM,DRUM_KIT,50228,34,STRONG,46.0,68.0,99.0,114.0,124.0,18.0,41.0,51.0,[]
120,0,34,Jazz Kit RX2,DRUM,DRUM_KIT,42237,32,STRONG,48.0,67.0,93.0,112.0,123.0,18.0,42.0,59.0,"[{""min"":3,""max"":25,""center"":15.56,""count"":5638,""fraction"":0.13348}]"
120,0,33,Jazz Kit RX1,DRUM,DRUM_KIT,31851,25,STRONG,55.0,74.0,92.0,110.0,120.0,35.0,42.0,51.0,"[{""min"":14,""max"":21,""center"":18.11,""count"":1993,""fraction"":0.06257}]"
121,15,25,Steel Guitar RX1,ACC2,GUITAR,31627,19,STRONG,53.0,61.0,77.0,91.0,99.0,48.0,60.0,101.0,"[{""min"":96,""max"":105,""center"":99.54,""count"":5460,""fraction"":0.17264},{""min"":126,""max"":127,""center"":126.48,""count"":631,""fraction"":0.01995}]"
120,0,2,Standard Kit RX3,DRUM,DRUM_KIT,27939,24,STRONG,49.0,67.0,95.0,114.0,120.0,35.0,42.0,51.0,"[{""min"":18,""max"":22,""center"":19.13,""count"":1312,""fraction"":0.04696}]"
120,0,42,Brush Kit RX1,DRUM,DRUM_KIT,23964,22,STRONG,39.0,55.0,74.0,92.0,108.0,21.0,38.0,51.0,"[{""min"":0,""max"":6,""center"":3.13,""count"":653,""fraction"":0.02725},{""min"":16,""max"":22,""center"":19.25,""count"":1969,""fraction"":0.08216},{""min"":82,""max"":89,""center"":82.76,""count"":1055,""fraction"":0.04402}]"
121,14,28,Clean Guitar RX1,ACC2,GUITAR,21847,17,STRONG,32.0,52.0,67.0,100.0,126.0,48.0,63.0,98.0,"[{""min"":96,""max"":105,""center"":99.39,""count"":2538,""fraction"":0.11617},{""min"":120,""max"":124,""center"":122.68,""count"":428,""fraction"":0.01959}]"
121,10,28,Clean Funk RX1,ACC2,GUITAR,20433,17,STRONG,51.0,67.0,83.0,97.0,112.0,55.0,64.0,101.0,"[{""min"":96,""max"":105,""center"":100.17,""count"":5500,""fraction"":0.26917}]"
120,0,1,Standard Kit RX2,DRUM,DRUM_KIT,20119,18,STRONG,46.0,62.0,92.0,110.0,122.0,4.0,40.0,59.0,"[{""min"":82,""max"":82,""center"":82.0,""count"":342,""fraction"":0.017}]"
120,0,30,House Kit RX1,DRUM,DRUM_KIT,15297,10,STRONG,56.0,71.0,90.0,110.0,122.0,20.0,42.0,61.0,"[{""min"":13,""max"":24,""center"":18.27,""count"":1829,""fraction"":0.11957},{""min"":82,""max"":82,""center"":82.0,""count"":292,""fraction"":0.01909}]"
121,16,25,Steel Guitar RX2,ACC2,GUITAR,14054,11,STRONG,59.0,67.0,80.0,96.0,107.0,52.0,60.0,103.0,"[{""min"":96,""max"":105,""center"":101.85,""count"":2105,""fraction"":0.14978},{""min"":120,""max"":126,""center"":121.7,""count"":406,""fraction"":0.02889}]"
120,0,4,Pop Std. Kit RX,DRUM,DRUM_KIT,13523,13,STRONG,69.0,86.0,104.0,112.0,123.0,36.0,42.0,54.0,[]
120,0,43,Brush Kit RX2,DRUM,DRUM_KIT,12030,10,STRONG,44.0,59.0,75.0,100.0,110.0,36.0,40.0,51.0,"[{""min"":16,""max"":22,""center"":19.48,""count"":455,""fraction"":0.03782}]"
121,12,24,Nylon Gtr RX1,ACC2,GUITAR,9271,8,GOOD,50.0,56.0,67.0,84.0,93.0,48.0,62.0,100.0,"[{""min"":96,""max"":105,""center"":101.43,""count"":1539,""fraction"":0.166}]"
121,13,24,Nylon Gtr RX2,ACC2,GUITAR,9075,8,GOOD,50.0,62.0,80.0,90.0,96.0,55.0,64.0,103.0,"[{""min"":96,""max"":109,""center"":101.03,""count"":1750,""fraction"":0.19284},{""min"":121,""max"":127,""center"":124.89,""count"":290,""fraction"":0.03196}]"
120,0,31,House Kit RX2,PERC,DRUM_KIT,8317,7,GOOD,31.0,66.0,90.0,109.0,127.0,35.0,42.0,70.0,"[{""min"":0,""max"":0,""center"":0.0,""count"":251,""fraction"":0.03018},{""min"":17,""max"":22,""center"":18.56,""count"":289,""fraction"":0.03475}]"
121,18,25,12 Strings RX,ACC3,GUITAR,7813,4,LIMITED,60.0,70.0,84.0,97.0,105.0,52.0,62.0,100.0,"[{""min"":96,""max"":106,""center"":99.76,""count"":1403,""fraction"":0.17957},{""min"":114,""max"":126,""center"":120.53,""count"":96,""fraction"":0.01229}]"
121,11,28,Clean Funk RX2,ACC2,GUITAR,7785,12,STRONG,73.0,96.0,106.0,115.0,122.0,48.0,58.0,67.0,"[{""min"":97,""max"":104,""center"":101.62,""count"":589,""fraction"":0.07566}]"
121,3,120,Vox Wah Chick RX,ACC4,SFX,7285,9,GOOD,52.0,67.0,89.0,102.0,113.0,30.0,63.0,75.0,"[{""min"":30,""max"":30,""center"":30.0,""count"":1185,""fraction"":0.16266}]"
120,0,35,Jazz Kit RX3,DRUM,DRUM_KIT,6509,5,GOOD,30.0,54.0,86.0,111.0,127.0,24.0,42.0,59.0,"[{""min"":13,""max"":24,""center"":21.46,""count"":1063,""fraction"":0.16331}]"
121,13,28,Funk Stein RX2,ACC3,GUITAR,6249,9,GOOD,61.0,74.0,90.0,108.0,115.0,48.0,63.0,123.0,"[{""min"":101,""max"":104,""center"":102.13,""count"":459,""fraction"":0.07345},{""min"":120,""max"":127,""center"":123.42,""count"":1090,""fraction"":0.17443}]"
121,12,27,Funky Wah RX,ACC2,GUITAR,6195,7,GOOD,31.0,39.0,56.0,72.0,84.0,55.0,64.0,101.0,"[{""min"":84,""max"":105,""center"":97.77,""count"":1460,""fraction"":0.23567}]"
121,4,36,SlapFing Bass RX,BASS,BASS,5573,17,STRONG,72.0,84.0,92.0,100.0,109.0,29.0,36.0,43.0,[]
120,0,6,Standard Kit RX4,DRUM,DRUM_KIT,4776,6,GOOD,36.0,56.0,80.0,101.0,120.0,35.0,42.0,70.0,"[{""min"":20,""max"":20,""center"":20.0,""count"":152,""fraction"":0.03183},{""min"":126,""max"":126,""center"":126.0,""count"":174,""fraction"":0.03643}]"
121,13,33,Finger Bass RX,BASS,BASS,4774,10,STRONG,76.0,86.0,90.0,96.0,102.0,31.0,36.0,100.0,"[{""min"":97,""max"":101,""center"":99.84,""count"":829,""fraction"":0.17365},{""min"":110,""max"":116,""center"":113.19,""count"":54,""fraction"":0.01131}]"
121,12,28,Funk Stein RX1,ACC2,GUITAR,4614,8,GOOD,62.0,72.0,82.0,93.0,105.0,53.0,63.0,100.0,"[{""min"":98,""max"":105,""center"":100.61,""count"":753,""fraction"":0.1632}]"
121,17,28,Clean Guitar RX4,ACC2,GUITAR,4604,4,LIMITED,28.0,50.0,62.0,76.0,87.0,58.0,67.0,122.0,"[{""min"":97,""max"":108,""center"":101.37,""count"":1034,""fraction"":0.22459},{""min"":122,""max"":124,""center"":123.27,""count"":514,""fraction"":0.11164}]"
121,25,25,Pop SteelGtr RX2,ACC2,GUITAR,4066,3,LIMITED,55.0,65.0,81.0,93.0,100.0,55.0,63.0,104.0,"[{""min"":96,""max"":127,""center"":104.98,""count"":938,""fraction"":0.23069}]"
120,0,73,Techno Kit RX,DRUM,DRUM_KIT,3823,3,LIMITED,43.0,74.0,103.0,114.0,127.0,35.0,42.0,80.0,"[{""min"":22,""max"":24,""center"":23.12,""count"":188,""fraction"":0.04918},{""min"":80,""max"":88,""center"":82.42,""count"":538,""fraction"":0.14073}]"
121,18,4,Tine E.Piano RX,ACC1,PIANO,3424,13,STRONG,68.0,78.0,86.0,98.0,107.0,51.0,60.0,67.0,[]
121,10,0,Grand Piano RX,ACC1,PIANO,3056,6,GOOD,67.0,92.0,118.0,122.0,122.0,48.0,64.0,72.0,"[{""min"":6,""max"":11,""center"":8.33,""count"":48,""fraction"":0.01571},{""min"":97,""max"":97,""center"":97.0,""count"":32,""fraction"":0.01047},{""min"":110,""max"":116,""center"":113.33,""count"":48,""fraction"":0.01571}]"
121,16,28,Clean Guitar RX3,ACC2,GUITAR,2843,7,GOOD,29.0,43.0,64.0,78.0,87.0,53.0,60.0,100.0,"[{""min"":96,""max"":103,""center"":99.64,""count"":707,""fraction"":0.24868}]"
121,9,30,Dist. Guitar RX1,ACC1,GUITAR,2361,5,GOOD,35.0,43.0,63.0,84.0,86.0,48.0,55.0,62.0,"[{""min"":84,""max"":86,""center"":85.0,""count"":45,""fraction"":0.01906},{""min"":124,""max"":124,""center"":124.0,""count"":40,""fraction"":0.01694}]"
120,0,72,Hip Hop Kit RX,DRUM,DRUM_KIT,2097,2,FALLBACK,62.0,68.0,95.0,108.0,115.0,12.0,39.0,54.0,"[{""min"":9,""max"":23,""center"":14.69,""count"":587,""fraction"":0.27992}]"
121,7,32,Acous. Bass RX,BASS,BASS,1772,5,GOOD,73.0,81.0,87.0,96.0,103.0,31.0,36.0,45.0,[]
120,0,3,Ambient Kit RX,DRUM,DRUM_KIT,1738,2,FALLBACK,44.0,53.0,77.0,108.0,127.0,19.0,49.0,69.0,"[{""min"":2,""max"":19,""center"":10.77,""count"":201,""fraction"":0.11565}]"
121,10,30,Dist. Guitar RX2,ACC5,GUITAR,1598,7,GOOD,34.0,48.0,60.0,93.0,113.0,48.0,51.5,65.0,[]
120,0,19,Power Kit RX2,PERC,DRUM_KIT,1182,1,FALLBACK,39.0,39.0,63.0,113.0,127.0,17.0,54.0,69.0,"[{""min"":9,""max"":9,""center"":9.0,""count"":109,""fraction"":0.09222},{""min"":17,""max"":18,""center"":17.23,""count"":75,""fraction"":0.06345},{""min"":69,""max"":69,""center"":69.0,""count"":318,""fraction"":0.26904},{""min"":82,""max"":82,""center"":82.0,""count"":40,""fraction"":0.03384},{""min"":127,""max"":127,""center"":127.0,""count"":13,""fraction"":0.011}]"
121,15,28,Clean Guitar RX2,ACC1,GUITAR,1167,3,LIMITED,37.0,86.0,90.0,95.0,98.0,50.0,60.0,67.0,[]
120,0,74,Dance Kit RX,DRUM,DRUM_KIT,1162,1,FALLBACK,92.0,120.0,120.0,122.0,127.0,36.0,42.0,82.0,"[{""min"":54,""max"":57,""center"":54.92,""count"":137,""fraction"":0.1179},{""min"":69,""max"":69,""center"":69.0,""count"":112,""fraction"":0.09639},{""min"":82,""max"":82,""center"":82.0,""count"":224,""fraction"":0.19277}]"
121,10,34,Picked Bass RX,BASS,BASS,1071,4,LIMITED,50.0,76.0,84.0,90.0,97.0,31.0,36.0,48.0,"[{""min"":97,""max"":106,""center"":101.07,""count"":68,""fraction"":0.06349}]"
120,0,18,Power Kit RX1,DRUM,DRUM_KIT,1059,3,LIMITED,63.0,72.0,88.0,100.0,110.0,35.0,39.0,51.0,[]
121,24,25,Pop SteelGtr RX1,ACC4,GUITAR,954,2,FALLBACK,66.0,74.0,79.0,79.0,100.0,48.0,60.0,101.0,"[{""min"":101,""max"":101,""center"":101.0,""count"":184,""fraction"":0.19287}]"
121,5,36,SlapPick Bass RX,BASS,BASS,859,2,FALLBACK,68.0,72.0,94.0,111.0,111.0,33.0,48.0,101.0,"[{""min"":99,""max"":108,""center"":100.74,""count"":357,""fraction"":0.4156}]"
121,2,7,Clav Wah RX,ACC3,PIANO,611,1,FALLBACK,43.0,54.0,64.0,76.0,87.0,43.0,55.0,60.0,[]
121,5,7,Clav RX,ACC2,PIANO,438,1,FALLBACK,64.0,76.0,96.0,105.0,111.0,48.0,55.0,67.0,[]
120,0,35,Jazz Kit RX2,DRUM,DRUM_KIT,53,1,FALLBACK,76.0,85.0,110.0,121.0,126.8,22.6,44.0,51.0,"[{""min"":13,""max"":13,""center"":13.0,""count"":2,""fraction"":0.03774},{""min"":22,""max"":25,""center"":23.5,""count"":4,""fraction"":0.07547}]"
121,32,30,Dist. Guitar RX2,ACC4,GUITAR,21,1,FALLBACK,44.0,47.0,55.0,60.0,79.0,62.0,62.0,62.0,[]
